,Name,Price,Rating,Image
0,Acer Swift Go 14 AI Powered EVO Intel Core Ultra 5 125H - (16 GB/512 GB SSD/Windows 11 Home) SFG14-72T...,"₹84,990",,https://rukminim2.flixcart.com/image/312/312/xif0q/computer/o/x/7/-original-imagxhuxsfczqrzn.jpeg?q=70
1,CHUWI Intel Core i3 10th Gen 1005G1 - (8 GB/512 GB SSD/Windows 11 Home) CoreBook X Grey Laptop,"₹24,990",4.1,https://rukminim2.flixcart.com/image/312/312/xif0q/computer/n/b/l/corebook-x-laptop-chuwi-original-imagwkfspzdtns4j.jpeg?q=70
2,Lenovo Intel Celeron Dual Core 4th Gen - (8 GB/256 GB SSD/DOS) 82QYA00HIN Laptop,"₹21,234",3.7,https://rukminim2.flixcart.com/image/312/312/xif0q/screen-guard/screen-guard/4/b/d/asg-14715-saco-original-imaghqbah9jycshw.jpeg?q=70
3,SAMSUNG Galaxy Book2 Intel Core i5 12th Gen 1235U - (8 GB/256 GB SSD/Windows 11 Home) NP750XED-KB1IN T...,"₹60,990",4.5,https://rukminim2.flixcart.com/image/312/312/xif0q/computer/r/r/5/-original-imagupz9vdcgzvnf.jpeg?q=70
4,HP Pavilion (2023) Eyesafe AMD Ryzen 5 Hexa Core 5625U - (16 GB/512 GB SSD/Windows 11 Home) 14-EC1019A...,"₹54,990",4.4,https://rukminim2.flixcart.com/image/312/312/xif0q/computer/h/u/c/-original-imagxfs93hqxbehu.jpeg?q=70
5,HP Pavilion Aero (2023) AMD Ryzen 5 Hexa Core 7535U - (16 GB/512 GB SSD/Windows 11 Home) 13-BE2056AU T...,"₹68,918",4.4,https://rukminim2.flixcart.com/image/312/312/xif0q/computer/d/q/e/-original-imagwzwcrmyhnhmg.jpeg?q=70
6,ASUS Chromebook Intel Celeron Dual Core N4500 - (8 GB/128 GB EMMC Storage/Chrome OS) CX1500CKA-EJ0247 ...,"₹16,990",3.3,https://rukminim2.flixcart.com/image/312/312/xif0q/computer/z/7/g/-original-imagtmsye5fumwdf.jpeg?q=70
7,HP Intel Celeron Dual Core N4500 - (8 GB/512 GB SSD/Windows 11 Home) 15s- fq3066TU Thin and Light Lapt...,"₹26,990",3.8,https://rukminim2.flixcart.com/image/312/312/xif0q/computer/5/h/w/-original-imagxfsbufcxc6wk.jpeg?q=70
8,Lenovo IdeaPad Slim 3 Intel Core i5 11th Gen 1135G7 - (16 GB/512 GB SSD/Windows 11 Home) 15ITL6 Thin a...,"₹44,990",4.2,https://rukminim2.flixcart.com/image/312/312/xif0q/computer/9/d/n/-original-imaguyhzhbhqe8qj.jpeg?q=70
9,HP Victus Intel Core i5 12th Gen 12450H - (8 GB/512 GB SSD/Windows 11 Home/4 GB Graphics/NVIDIA GeForc...,"₹56,990",4.2,https://rukminim2.flixcart.com/image/312/312/l5bd5zk0/computer/o/l/w/15-fa0353tx-gaming-laptop-hp-original-imaggytdx6zpv6qg.jpeg?q=70
10,HP Pavilion AMD Ryzen 5 Hexa Core 5625U - (8 GB/512 GB SSD/Windows 11 Home) 14-EC1003AU Thin and Light...,"₹50,990",4.4,https://rukminim2.flixcart.com/image/312/312/xif0q/computer/b/c/w/-original-imagwzwb9vmkjhmg.jpeg?q=70
11,Lenovo IdeaPad Slim 3 Intel Core i5 12th Gen 1235U - (8 GB/512 GB SSD/Windows 11 Home) 15IAU7 Thin and...,"₹48,068",4.2,https://rukminim2.flixcart.com/image/312/312/xif0q/computer/f/o/t/-original-imaguyhz7cyftguh.jpeg?q=70
12,Lenovo V15 Series AMD Athlon Dual Core 7120U - (8 GB/512 GB SSD/Windows 11 Home) V15 Thin and Light La...,"₹24,222",3.7,https://rukminim2.flixcart.com/image/312/312/xif0q/computer/6/g/h/v15g4-laptop-lenovo-original-imagv65uhfgjb82h.jpeg?q=70
13,DELL Inspiron 3530 Intel Core i3 13th Gen 1305U - (8 GB/1 TB SSD/Windows 11 Home) Inspiron 3530 Thin a...,"₹46,990",4.1,https://rukminim2.flixcart.com/image/312/312/xif0q/computer/e/e/a/inspiron-3530-thin-and-light-laptop-dell-original-imagte3fnfceuuk4.jpeg?q=70
14,Infinix ZEROBOOK 13 Intel Intel Core i9 13th Gen 13900H - (32 GB/1 TB SSD/Windows 11 Home) ZL513 Thin ...,"₹59,990",4,https://rukminim2.flixcart.com/image/312/312/xif0q/computer/7/d/i/zl12-business-laptop-infinix-original-imagm83gc6xr8sau.jpeg?q=70
15,DELL Intel Core i3 12th Gen 1215U - (8 GB/512 GB SSD/16 GB EMMC Storage/Windows 11 Home) Vostro 3420 B...,"₹36,990",3.9,https://rukminim2.flixcart.com/image/312/312/xif0q/computer/j/f/z/vostro-3420-business-laptop-dell-original-imagp9fzegfsfzfv.jpeg?q=70
16,HP AMD Ryzen 5 Hexa Core 5500U - (8 GB/512 GB SSD/Windows 11 Home) 15s- eq2223AU Thin and Light Laptop,"₹43,190",4.3,https://rukminim2.flixcart.com/image/312/312/xif0q/computer/g/w/r/-original-imagwzwcqdyeue57.jpeg?q=70
17,ASUS Vivobook 14 Intel Core i3 11th Gen 1115G4 - (16 GB/512 GB SSD/Windows 11 Home) X415EA-EK344WS Thi...,"₹34,990",4.3,https://rukminim2.flixcart.com/image/312/312/xif0q/computer/a/r/3/-original-imagpxgqpggsx6tm.jpeg?q=70
18,ASUS Vivobook S 14 Flip (2022) AMD Ryzen 5 Hexa Core 5600HS - (8 GB/512 GB SSD/Windows 11 Home) TN3402...,"₹58,990",4.4,https://rukminim2.flixcart.com/image/312/312/xif0q/computer/j/6/p/-original-imagqdubhwatqz9t.jpeg?q=70
19,ASUS Vivobook S 14 Intel EVO H-Series Intel Core i5 12th Gen 12500H - (16 GB/512 GB SSD/Windows 11 Hom...,"₹61,990",4.3,https://rukminim2.flixcart.com/image/312/312/xif0q/computer/z/h/u/-original-imagqdrxmhjyhkxs.jpeg?q=70
20,ASUS Vivobook 15 Intel Core i3 11th Gen 1115G4 - (8 GB/256 GB SSD/Windows 11 Home) X515EA-EJ312W Thin ...,"₹29,990",4.3,https://rukminim2.flixcart.com/image/312/312/xif0q/computer/r/e/f/-original-imagrgprbhchwgve.jpeg?q=70
21,Acer Aspire 3 Intel Core i3 12th Gen - (8 GB/512 GB SSD/Windows 11 Home) A315-59-329J Thin and Light L...,"₹36,990",4.2,https://rukminim2.flixcart.com/image/312/312/xif0q/computer/g/v/h/-original-imagqbudxbf9djaz.jpeg?q=70
22,HP Pavilion Intel Core i5 12th Gen 1235U - (16 GB/1 TB SSD/Windows 11 Home) 14-dv2153TU Thin and Light...,"₹66,990",4.3,https://rukminim2.flixcart.com/image/312/312/xif0q/computer/1/l/p/-original-imagwzwcncgpnqub.jpeg?q=70
23,MSI GF63 Intel Core i5 11th Gen 11260H - (8 GB/512 GB SSD/Windows 11 Home/4 GB Graphics/NVIDIA GeForce...,"₹42,990",4.2,https://rukminim2.flixcart.com/image/312/312/xif0q/computer/b/r/k/-original-imagsz5x5x3vkt8c.jpeg?q=70
24,Acer Swift Go 14 AI Powered EVO Intel Core Ultra 5 125H - (16 GB/512 GB SSD/Windows 11 Home) SFG14-72T...,"₹84,990",,https://rukminim2.flixcart.com/image/312/312/xif0q/computer/o/x/7/-original-imagxhuxsfczqrzn.jpeg?q=70
25,CHUWI Intel Celeron Dual Core 11th Gen N4020 - (8 GB/256 GB SSD/Windows 11 Home) HeroBook Pro Laptop,"₹17,990",3.6,https://rukminim2.flixcart.com/image/312/312/xif0q/computer/n/m/q/-original-imagrfsbcwgjjegf.jpeg?q=70
26,MSI GF63 Intel Core i5 11th Gen 11260H - (8 GB/512 GB SSD/Windows 11 Home/4 GB Graphics/NVIDIA GeForce...,"₹42,990",4.2,https://rukminim2.flixcart.com/image/312/312/xif0q/computer/b/r/k/-original-imagsz5x5x3vkt8c.jpeg?q=70
27,ASUS Vivobook 15 Intel Core i3 11th Gen 1115G4 - (16 GB/512 GB SSD/Windows 11 Home) X515EA-EJ342WS Thi...,"₹35,549",4.3,https://rukminim2.flixcart.com/image/312/312/xif0q/computer/q/e/z/-original-imagpxgqesgrthks.jpeg?q=70
28,ZEBRONICS Pro Series Z Intel Core i3 12th Gen 1215U - (8 GB/512 GB SSD/Windows 11 Home) ZEB-NBC 3S Thi...,"₹31,990",4,https://rukminim2.flixcart.com/image/312/312/xif0q/computer/n/j/y/-original-imagx2yf4c7m3nsb.jpeg?q=70
29,ZEBRONICS Pro Series Z Intel Core i3 12th Gen 1215U - (8 GB/512 GB SSD/Windows 11 Home) ZEB-NBC 3S Thi...,"₹31,990",4,https://rukminim2.flixcart.com/image/312/312/xif0q/computer/g/q/g/-original-imagx244qwwchdy7.jpeg?q=70
30,HP Pavilion (2023) Eyesafe AMD Ryzen 5 Hexa Core 5625U - (16 GB/512 GB SSD/Windows 11 Home) 14-EC1019A...,"₹54,990",4.4,https://rukminim2.flixcart.com/image/312/312/xif0q/computer/h/u/c/-original-imagxfs93hqxbehu.jpeg?q=70
31,CHUWI Intel Core i3 10th Gen 1005G1 - (8 GB/512 GB SSD/Windows 11 Home) CoreBook X Grey Laptop,"₹24,990",4.1,https://rukminim2.flixcart.com/image/312/312/xif0q/computer/n/b/l/corebook-x-laptop-chuwi-original-imagwkfspzdtns4j.jpeg?q=70
32,Infinix Y1 Plus Neo (2023) Intel Celeron Quad Core 11th Gen N5100 - (4 GB/128 GB SSD/Windows 11 Home) ...,"₹19,990",4.1,https://rukminim2.flixcart.com/image/312/312/xif0q/computer/3/s/f/xl30-thin-and-light-laptop-infinix-original-imagzmncc2gxnz2n.jpeg?q=70
33,MSI GF63 Intel Core i5 11th Gen 11260H - (16 GB/512 GB SSD/Windows 11 Home/4 GB Graphics/NVIDIA GeForc...,"₹43,990",4.3,https://rukminim2.flixcart.com/image/312/312/xif0q/computer/b/r/k/-original-imagsz5x5x3vkt8c.jpeg?q=70
34,HP Pavilion Aero (2023) AMD Ryzen 5 Hexa Core 7535U - (16 GB/512 GB SSD/Windows 11 Home) 13-BE2056AU T...,"₹68,918",4.4,https://rukminim2.flixcart.com/image/312/312/xif0q/computer/d/q/e/-original-imagwzwcrmyhnhmg.jpeg?q=70
35,HP Pavilion AMD Ryzen 5 Hexa Core 5625U - (8 GB/512 GB SSD/Windows 11 Home) 14-EC1003AU Thin and Light...,"₹50,990",4.4,https://rukminim2.flixcart.com/image/312/312/xif0q/computer/b/c/w/-original-imagwzwb9vmkjhmg.jpeg?q=70
36,Lenovo V15 AMD Ryzen 5 Hexa Core 5500U - (8 GB/512 GB SSD/Windows 11 Home) V15 G2 ALC Thin and Light L...,"₹35,990",4.2,https://rukminim2.flixcart.com/image/312/312/xif0q/computer/b/d/i/-original-imagzhefhc84rmbf.jpeg?q=70
37,WINGS Nuvobook S2 Aluminium Alloy Metal Body Intel Intel Core i3 11th Gen 1125G4 - (8 GB/512 GB SSD/Wi...,"₹24,990",4.2,https://rukminim2.flixcart.com/image/312/312/xif0q/computer/z/i/l/-original-imagtq3zj8cphjxg.jpeg?q=70
38,DELL Inspiron Intel Core i5 11th Gen 1135G7 - (16 GB/512 GB SSD/Windows 11 Home) INSPIRON 3511 Thin an...,"₹53,800",4,https://rukminim2.flixcart.com/image/312/312/krdtlzk0/computer/l/k/r/na-laptop-dell-original-imag57f9psmfjcxs.jpeg?q=70
39,HP 15s (2023) AMD Ryzen 3 Quad Core 7320U - (8 GB/512 GB SSD/Windows 11 Home) 15-fc0026AU Thin and Lig...,"₹37,790",4.2,https://rukminim2.flixcart.com/image/312/312/xif0q/computer/n/j/q/-original-imagreh7af3ah7zw.jpeg?q=70
40,MSI Bravo 15 AMD Ryzen 7 Octa Core 5800H - (16 GB/512 GB SSD/Windows 11 Home/4 GB Graphics/AMD Radeon ...,"₹54,990",4.4,https://rukminim2.flixcart.com/image/312/312/xif0q/computer/d/h/q/-original-imagrmhu8wvhykb7.jpeg?q=70
41,ASUS TUF Gaming F15 - AI Powered Gaming Intel Core i5 11th Gen 11400H - (8 GB/512 GB SSD/Windows 11 Ho...,"₹48,490",4.4,https://rukminim2.flixcart.com/image/312/312/xif0q/computer/h/w/b/-original-imagtzvhxxuhzr4g.jpeg?q=70
42,HP Pavilion Intel Core i5 12th Gen 1235U - (16 GB/1 TB SSD/Windows 11 Home) 14-dv2153TU Thin and Light...,"₹66,990",4.3,https://rukminim2.flixcart.com/image/312/312/xif0q/computer/1/l/p/-original-imagwzwcncgpnqub.jpeg?q=70
43,MSI Modern 14 AMD Ryzen 5 Hexa Core 7530U - (8 GB/512 GB SSD/Windows 11 Home) Modern 14 C7M-063IN Thin...,"₹34,990",4.4,https://rukminim2.flixcart.com/image/312/312/xif0q/computer/q/8/a/-original-imagvyw9hgt3mdqa.jpeg?q=70
44,ASUS Vivobook Go 14 Intel Celeron Dual Core N4500 - (8 GB/256 GB SSD/Windows 11 Home) E410KA-EK013W Th...,"₹23,990",4,https://rukminim2.flixcart.com/image/312/312/xif0q/computer/t/w/i/-original-imagtvq2bmuazhsq.jpeg?q=70
45,ASUS Vivobook 15 Intel Core i3 11th Gen 1115G4 - (8 GB/512 GB SSD/Windows 11 Home) X515EA-EJ322WS Lapt...,"₹33,690",4.4,https://rukminim2.flixcart.com/image/312/312/ksyz8280/computer/s/r/z/vivobook15-thin-and-light-laptop-asus-original-imag6eyabh3w846p.jpeg?q=70
46,Lenovo IdeaPad Gaming 3 Intel Intel Core i5 11th Gen 11300H - (16 GB/512 GB SSD/Windows 11 Home/4 GB G...,"₹73,990",4.3,https://rukminim2.flixcart.com/image/312/312/xif0q/computer/b/d/a/-original-imagufyhnrhatfrp.jpeg?q=70
47,MSI Modern 14 Intel Core i3 12th Gen 1215U - (8 GB/512 GB SSD/Windows 11 Home) Modern 14 C12M-445IN Th...,"₹32,990",4.3,https://rukminim2.flixcart.com/image/312/312/xif0q/computer/8/v/p/-original-imagvyw9dqmvqxmv.jpeg?q=70
48,ASUS Intel Core i5 11th Gen 1135G7 - (16 GB/512 GB SSD/Windows 11 Home) X1400EA-EK543WS Thin and Light...,"₹42,990",4.3,https://rukminim2.flixcart.com/image/312/312/xif0q/computer/c/n/g/-original-imagx333nvuysdwy.jpeg?q=70
49,Lenovo IdeaPad Slim 3 AMD Ryzen 7 Octa Core 5700U - (16 GB/512 GB SSD/Windows 11 Home) 15ALC6 Thin and...,"₹48,990",4.2,https://rukminim2.flixcart.com/image/312/312/xif0q/computer/x/z/h/-original-imaguyhzpne7epz2.jpeg?q=70
50,Acer Swift Go 14 AI Powered EVO Intel Core Ultra 5 125H - (16 GB/512 GB SSD/Windows 11 Home) SFG14-72T...,"₹84,990",,https://rukminim2.flixcart.com/image/312/312/xif0q/computer/o/x/7/-original-imagxhuxsfczqrzn.jpeg?q=70
51,CHUWI Intel Celeron Dual Core 11th Gen N4020 - (8 GB/256 GB SSD/Windows 11 Home) HeroBook Pro Laptop,"₹17,990",3.6,https://rukminim2.flixcart.com/image/312/312/xif0q/computer/n/m/q/-original-imagrfsbcwgjjegf.jpeg?q=70
52,MSI Modern 14 Intel Core i3 11th Gen 1115G4 - (8 GB/512 GB SSD/Windows 11 Home) Modern 14 C11M-031IN T...,"₹34,990",4.3,https://rukminim2.flixcart.com/image/312/312/xif0q/computer/6/x/x/-original-imagvyw9fpffzgzu.jpeg?q=70
53,HP Victus Intel Core i5 11th Gen 11400H - (16 GB/512 GB SSD/Windows 11 Home/4 GB Graphics/NVIDIA GeFor...,"₹58,090",4.3,https://rukminim2.flixcart.com/image/312/312/xif0q/computer/a/a/2/-original-imagud83zzzhrway.jpeg?q=70
54,HP Pavilion (2023) Eyesafe AMD Ryzen 5 Hexa Core 5625U - (16 GB/512 GB SSD/Windows 11 Home) 14-EC1019A...,"₹54,990",4.4,https://rukminim2.flixcart.com/image/312/312/xif0q/computer/h/u/c/-original-imagxfs93hqxbehu.jpeg?q=70
55,CHUWI Intel Core i3 10th Gen 1005G1 - (8 GB/512 GB SSD/Windows 11 Home) CoreBook X Grey Laptop,"₹24,990",4.1,https://rukminim2.flixcart.com/image/312/312/xif0q/computer/n/b/l/corebook-x-laptop-chuwi-original-imagwkfspzdtns4j.jpeg?q=70
56,ASUS Vivobook 15 Intel Core i3 12th Gen 1215U - (16 GB/512 GB SSD/Windows 11 Home) X1502ZA-EJ993WS Thi...,"₹40,990",4.3,https://rukminim2.flixcart.com/image/312/312/xif0q/computer/j/t/b/-original-imagpxgqjeghkq7b.jpeg?q=70
57,ASUS Intel Core i5 12th Gen - (16 GB/512 GB SSD/Windows 11 Home) X1502ZA-EJ544WS Laptop,"₹52,990",,https://rukminim2.flixcart.com/image/312/312/xif0q/computer/s/7/9/vivobook-15-laptop-asus-original-imagtxtpkkj5hjxv.jpeg?q=70
58,HP 2023 Intel Core i5 12th Gen 1235U - (8 GB/512 GB SSD/Windows 11 Home) 15s-fy5002TU Thin and Light L...,"₹52,990",4.1,https://rukminim2.flixcart.com/image/312/312/xif0q/computer/2/p/y/-original-imagwzwbcxay567z.jpeg?q=70
59,Infinix ZEROBOOK 13 Intel Intel Core i7 13th Gen 13700H - (16 GB/512 GB SSD/Windows 11 Home) ZL513 Thi...,"₹55,990",4.2,https://rukminim2.flixcart.com/image/312/312/xif0q/computer/7/d/i/zl12-business-laptop-infinix-original-imagm83gc6xr8sau.jpeg?q=70
60,HP Pavilion Aero (2023) AMD Ryzen 5 Hexa Core 7535U - (16 GB/512 GB SSD/Windows 11 Home) 13-BE2056AU T...,"₹68,918",4.4,https://rukminim2.flixcart.com/image/312/312/xif0q/computer/d/q/e/-original-imagwzwcrmyhnhmg.jpeg?q=70
61,HP Pavilion AMD Ryzen 5 Hexa Core 5625U - (8 GB/512 GB SSD/Windows 11 Home) 14-EC1003AU Thin and Light...,"₹50,990",4.4,https://rukminim2.flixcart.com/image/312/312/xif0q/computer/b/c/w/-original-imagwzwb9vmkjhmg.jpeg?q=70
62,SAMSUNG Galaxy Book3 Intel Core i5 13th Gen 1335U - (8 GB/512 GB SSD/Windows 11 Home) NP750XFG-KB1IN T...,"₹64,990",4.4,https://rukminim2.flixcart.com/image/312/312/xif0q/computer/c/y/k/galaxy-book3-thin-and-light-laptop-samsung-original-imagnb2chzcxhwxk.jpeg?q=70
63,Acer Aspire 3 Spin 14 Intel Core i3 13th Gen N305 - (8 GB/512 GB SSD/Windows 11 Home) A3SP14-31PT Thin...,"₹39,990",,https://rukminim2.flixcart.com/image/312/312/xif0q/computer/d/p/j/-original-imagwkaymfh66hw3.jpeg?q=70
64,Acer Aspire 3 AMD Ryzen 5 Quad Core 7520U - (8 GB/512 GB SSD/Windows 11 Home) A315-24P Thin and Light ...,"₹35,990",3,https://rukminim2.flixcart.com/image/312/312/xif0q/computer/7/d/n/aspire-3-thin-and-light-laptop-acer-original-imagmmj8hd6nyn56.jpeg?q=70
65,HP AMD Ryzen 5 Hexa Core 5500U - (8 GB/512 GB SSD/Windows 11 Home) 14s-fq1092au Thin and Light Laptop,"₹41,600",4.3,https://rukminim2.flixcart.com/image/312/312/xif0q/computer/q/s/b/-original-imagwzwcyz6x6awc.jpeg?q=70
66,Infinix Y1 Plus Neo (2023) Intel Celeron Quad Core 11th Gen N5100 - (4 GB/128 GB SSD/Windows 11 Home) ...,"₹19,990",4.1,https://rukminim2.flixcart.com/image/312/312/xif0q/computer/t/z/o/xl30-thin-and-light-laptop-infinix-original-imagzmncf5snymhu.jpeg?q=70
67,Acer Nitro 5 Intel Core i7 12th Gen 12650H - (16 GB/1 TB SSD/Windows 11 Home/8 GB Graphics/NVIDIA GeFo...,"₹90,990",4.4,https://rukminim2.flixcart.com/image/312/312/xif0q/computer/8/e/m/-original-imagqf3a3j6ebxzc.jpeg?q=70
68,ASUS Vivobook S14 OLED Intel EVO H-Series Intel Core i7 12th Gen 12700H - (16 GB/512 GB SSD/Windows 11...,"₹77,990",4.3,https://rukminim2.flixcart.com/image/312/312/xif0q/computer/e/t/2/-original-imagqdrxfn6kzjfz.jpeg?q=70
69,Lenovo IdeaPad Slim 3 AMD Ryzen 5 Quad Core 7520U - (16 GB/512 GB SSD/Windows 11 Home) 15AMN8 Thin and...,"₹43,990",3.8,https://rukminim2.flixcart.com/image/312/312/xif0q/computer/b/u/9/-original-imaguyhzfnvxcwu7.jpeg?q=70
70,Infinix INBook X1 Neo Series Intel Celeron Quad Core N5100 - (8 GB/256 GB SSD/Windows 11 Home) XL22 Th...,"₹24,999",4.2,https://rukminim2.flixcart.com/image/312/312/l5fnhjk0/computer/b/f/k/inbook-x1-neo-thin-and-light-laptop-infinix-original-imagg49hqgt2ggzc.jpeg?q=70
71,Apple 2023 Macbook Air Apple M2 - (8 GB/256 GB SSD/macOS Ventura) MQKP3HN/A,"₹1,25,990",4.7,https://rukminim2.flixcart.com/image/312/312/xif0q/computer/y/8/m/macbook-air-thin-and-light-laptop-apple-original-imagqaphwbzpgjzr.jpeg?q=70
72,ASUS Vivobook Go 15 (2023) AMD Ryzen 5 Quad Core 7520U - (8 GB/512 GB SSD/Windows 11 Home) E1504FA-NJ5...,"₹39,990",4.2,https://rukminim2.flixcart.com/image/312/312/xif0q/computer/i/u/p/-original-imagpxgrxrqsmdqz.jpeg?q=70
73,HP Intel Core i5 12th Gen - (16 GB/512 GB SSD/Windows 11 Home/4 GB Graphics/NVIDIA GeForce RTX RTX 305...,"₹67,970",4.3,https://rukminim2.flixcart.com/image/312/312/xif0q/computer/i/q/r/victus-15-fa-gaming-laptop-hp-original-imagpyfc64s6wwpb.jpeg?q=70
74,CHUWI Intel Core i3 10th Gen 1005G1 - (8 GB/512 GB SSD/Windows 11 Home) CoreBook X Grey Laptop,"₹24,990",4.1,https://rukminim2.flixcart.com/image/312/312/xif0q/computer/n/b/l/corebook-x-laptop-chuwi-original-imagwkfspzdtns4j.jpeg?q=70
75,Acer Swift Go 14 AI Powered EVO Intel Core Ultra 5 125H - (16 GB/512 GB SSD/Windows 11 Home) SFG14-72T...,"₹84,990",,https://rukminim2.flixcart.com/image/312/312/xif0q/computer/o/x/7/-original-imagxhuxsfczqrzn.jpeg?q=70
76,Infinix X2 Slim Series Intel Core i5 11th Gen 1155G7 - (16 GB/1 TB SSD/Windows 11 Home) XL23 Thin and ...,"₹35,990",4.1,https://rukminim2.flixcart.com/image/312/312/xif0q/computer/o/w/s/inbook-thin-and-light-laptop-infinix-original-imagpyjbxe3auzcp.jpeg?q=70
77,ASUS Vivobook 14 Intel Core i3 11th Gen 1115G4 - (8 GB/512 GB SSD/Windows 11 Home) X1400EA-EK322WS Thi...,"₹31,990",4.3,https://rukminim2.flixcart.com/image/312/312/xif0q/computer/a/g/j/-original-imags36gxhduzskg.jpeg?q=70
78,Infinix INBook X1 Neo Series Intel Celeron Quad Core N5100 - (8 GB/256 GB SSD/Windows 11 Home) XL22 Th...,"₹24,999",4.2,https://rukminim2.flixcart.com/image/312/312/l5fnhjk0/computer/b/f/k/inbook-x1-neo-thin-and-light-laptop-infinix-original-imagg49hqgt2ggzc.jpeg?q=70
79,Apple 2023 Macbook Air Apple M2 - (8 GB/256 GB SSD/macOS Ventura) MQKP3HN/A,"₹1,25,990",4.7,https://rukminim2.flixcart.com/image/312/312/xif0q/computer/y/8/m/macbook-air-thin-and-light-laptop-apple-original-imagqaphwbzpgjzr.jpeg?q=70
80,HP Pavilion (2023) Eyesafe AMD Ryzen 5 Hexa Core 5625U - (16 GB/512 GB SSD/Windows 11 Home) 14-EC1019A...,"₹54,990",4.4,https://rukminim2.flixcart.com/image/312/312/xif0q/computer/h/u/c/-original-imagxfs93hqxbehu.jpeg?q=70
81,HP Pavilion Aero (2023) AMD Ryzen 5 Hexa Core 7535U - (16 GB/512 GB SSD/Windows 11 Home) 13-BE2056AU T...,"₹68,918",4.4,https://rukminim2.flixcart.com/image/312/312/xif0q/computer/d/q/e/-original-imagwzwcrmyhnhmg.jpeg?q=70
82,Lenovo AMD Ryzen 7 Octa Core 7730U - (8 GB/512 GB SSD/Windows 11 Home) ThinkBook 15 G5 Thin and Light ...,"₹44,990",,https://rukminim2.flixcart.com/image/312/312/xif0q/computer/1/w/5/-original-imagrjfhefuhkppa.jpeg?q=70
83,Lenovo Yoga Slim 6 Intel Evo Intel Core i5 12th Gen 1240P - (16 GB/512 GB SSD/Windows 11 Home) 14IAP8 ...,"₹65,190",4.2,https://rukminim2.flixcart.com/image/312/312/xif0q/computer/b/p/4/-original-imagtzfgwutmyqwy.jpeg?q=70
84,HP Pavilion AMD Ryzen 5 Hexa Core 5625U - (8 GB/512 GB SSD/Windows 11 Home) 14-EC1003AU Thin and Light...,"₹50,990",4.4,https://rukminim2.flixcart.com/image/312/312/xif0q/computer/b/c/w/-original-imagwzwb9vmkjhmg.jpeg?q=70
85,ASUS Chromebook Intel Celeron Dual Core N4500 - (8 GB/64 GB EMMC Storage/Chrome OS) CX1500CKA-EJ0275 C...,"₹16,990",3.6,https://rukminim2.flixcart.com/image/312/312/xif0q/computer/z/7/g/-original-imagtmsye5fumwdf.jpeg?q=70
86,HP 15s Intel Core i5 12th Gen 1235U - (16 GB/512 GB SSD/Windows 11 Home) 15s-fq5112TU Thin and Light L...,"₹55,171",4.1,https://rukminim2.flixcart.com/image/312/312/xif0q/computer/y/l/e/-original-imagp8xz5bfrpzvz.jpeg?q=70
87,DELL Intel Core i5 13th Gen 1335U - (16 GB/1 TB SSD/Windows 11 Home) Inspiron 3530 Thin and Light Lapt...,"₹66,990",4,https://rukminim2.flixcart.com/image/312/312/xif0q/computer/y/h/w/-original-imaghzahgukpkyfu.jpeg?q=70
88,"ASUS Vivobook Pro 15 For Creator, AMD Ryzen 5 Hexa Core 5600HS - (16 GB/512 GB SSD/Windows 11 Home/4 G...","₹65,990",4.5,https://rukminim2.flixcart.com/image/312/312/xif0q/computer/d/k/k/-original-imagqkqnb2fpbhyb.jpeg?q=70
89,DELL Intel Core i3 12th Gen 1215U - (8 GB/256 GB SSD/Windows 11 Home) Inspiron 3520 Thin and Light Lap...,"₹34,990",4.3,https://rukminim2.flixcart.com/image/312/312/xif0q/computer/z/n/v/inspiron-3520-thin-and-light-laptop-dell-original-imagm5skpnwgkmuu.jpeg?q=70
90,ASUS Vivobook 15X (2023) Intel Core i5 13th Gen 1315U - (16 GB/512 GB SSD/Windows 11 Home) K3504VAB-NJ...,"₹54,990",4.3,https://rukminim2.flixcart.com/image/312/312/xif0q/computer/3/o/r/-original-imagzvkfghggxzz8.jpeg?q=70
91,HP Victus Intel Core i5 12th Gen 12450H - (16 GB/1 TB SSD/Windows 11 Home/4 GB Graphics/NVIDIA GeForce...,"₹66,990",4.3,https://rukminim2.flixcart.com/image/312/312/xif0q/computer/8/i/j/-original-imagthcbgurdzwuc.jpeg?q=70
92,ASUS Vivobook 16X AMD Ryzen 7 Octa Core 5800HS - (16 GB/512 GB SSD/Windows 11 Home) M1603QA-MB712WS No...,"₹56,490",4.3,https://rukminim2.flixcart.com/image/312/312/xif0q/computer/g/n/i/m1603qa-mb712ws-notebook-asus-original-imagghmes5azfudv.jpeg?q=70
93,Lenovo IdeaPad Slim 5 Intel Core i5 13th Gen 13500H - (16 GB/512 GB SSD/Windows 11 Home) 16IRL8 Thin a...,"₹70,190",4.2,https://rukminim2.flixcart.com/image/312/312/xif0q/computer/i/q/i/-original-imagu3kmp33qgvrs.jpeg?q=70
94,Infinix ZEROBOOK 13 Intel Intel Core i5 13th Gen 13500H - (16 GB/512 GB SSD/Windows 11 Home) ZL513 Thi...,"₹45,990",4.1,https://rukminim2.flixcart.com/image/312/312/xif0q/computer/7/d/i/zl12-business-laptop-infinix-original-imagm83gc6xr8sau.jpeg?q=70
95,ZEBRONICS Pro Series Y Intel Core i5 11th Gen 1155G7 - (16 GB/512 GB SSD/Windows 11 Home) ZEB-NBC 2S T...,"₹28,990",4.1,https://rukminim2.flixcart.com/image/312/312/xif0q/computer/k/j/z/-original-imagx2ywzf66bgp8.jpeg?q=70
96,HP Victus AMD Ryzen 5 Hexa Core 5600H - (16 GB/512 GB SSD/Windows 11 Home/4 GB Graphics/AMD Radeon RX ...,"₹54,990",4.3,https://rukminim2.flixcart.com/image/312/312/xif0q/computer/8/i/j/-original-imagthcbgurdzwuc.jpeg?q=70
97,Lenovo IP Slim 3 Chrome MediaTek MediaTek Kompanio 520 - (8 GB/128 GB EMMC Storage/Chrome OS) 14M868 C...,"₹17,990",4.3,https://rukminim2.flixcart.com/image/312/312/xif0q/computer/g/y/u/14m868-chromebook-lenovo-original-imagtj5ujgq98ggg.jpeg?q=70
98,Lenovo Lenovo Ideapad Slim 1 Intel Celeron Dual Core N4020 - (8 GB/256 GB SSD/Windows 11 Home) 14IGL7 ...,"₹25,890",4.1,https://rukminim2.flixcart.com/image/312/312/xif0q/computer/n/v/3/-original-imagvyrehpxusw2z.jpeg?q=70
99,HP Victus e0333 AMD Ryzen 5 Hexa Core 5600H - (16 GB/512 GB SSD/Windows 11 Home/6 GB Graphics/NVIDIA G...,"₹68,399",4.2,https://rukminim2.flixcart.com/image/312/312/xif0q/computer/e/z/o/16-e0550ax-gaming-laptop-hp-original-imagjfqztvhqbyyh.jpeg?q=70
100,Acer Swift Go 14 AI Powered EVO Intel Core Ultra 5 125H - (16 GB/512 GB SSD/Windows 11 Home) SFG14-72T...,"₹84,990",,https://rukminim2.flixcart.com/image/312/312/xif0q/computer/o/x/7/-original-imagxhuxsfczqrzn.jpeg?q=70
101,CHUWI Intel Core i3 10th Gen 1005G1 - (8 GB/512 GB SSD/Windows 11 Home) CoreBook X Grey Laptop,"₹24,990",4.1,https://rukminim2.flixcart.com/image/312/312/xif0q/computer/n/b/l/corebook-x-laptop-chuwi-original-imagwkfspzdtns4j.jpeg?q=70
102,Infinix Inbook Y2 Plus Intel Core i3 11th Gen 1115G4 - (8 GB/512 GB SSD/Windows 11 Home) XL29 Thin and...,"₹25,990",4.1,https://rukminim2.flixcart.com/image/312/312/xif0q/computer/5/7/o/-original-imagw4gqwjvm6ds6.jpeg?q=70
103,ASUS Vivobook 15 Intel Core i5 12th Gen 1235U - (8 GB/512 GB SSD/Windows 11 Home) X1502ZA-EJ515WS Thin...,"₹47,990",4.1,https://rukminim2.flixcart.com/image/312/312/xif0q/computer/j/t/b/-original-imagpxgqjeghkq7b.jpeg?q=70
104,HP Pavilion (2023) Eyesafe AMD Ryzen 5 Hexa Core 5625U - (16 GB/512 GB SSD/Windows 11 Home) 14-EC1019A...,"₹54,990",4.4,https://rukminim2.flixcart.com/image/312/312/xif0q/computer/h/u/c/-original-imagxfs93hqxbehu.jpeg?q=70
105,HP Pavilion Aero (2023) AMD Ryzen 5 Hexa Core 7535U - (16 GB/512 GB SSD/Windows 11 Home) 13-BE2056AU T...,"₹68,918",4.4,https://rukminim2.flixcart.com/image/312/312/xif0q/computer/d/q/e/-original-imagwzwcrmyhnhmg.jpeg?q=70
106,ASUS Vivobook S14 OLED Intel EVO H-Series Intel Core i5 12th Gen 12500H - (16 GB/512 GB SSD/Windows 11...,"₹67,990",4.4,https://rukminim2.flixcart.com/image/312/312/xif0q/computer/p/k/z/-original-imagqdrx8aphxhv2.jpeg?q=70
107,SAMSUNG Galaxy Book3 360 EVO AMOLED Intel Core i7 13th Gen 1360P - (16 GB/1 TB SSD/Windows 11 Home) NP...,"₹1,38,990",4.4,https://rukminim2.flixcart.com/image/312/312/xif0q/computer/1/8/v/galaxy-book3-360-thin-and-light-laptop-samsung-original-imagqqg2zkucnz39.jpeg?q=70
108,MSI Modern 14 Intel Core i5 11th Gen 1155G7 - (8 GB/512 GB SSD/Windows 11 Home) Modern 14 C11M-030IN T...,"₹36,990",4.2,https://rukminim2.flixcart.com/image/312/312/xif0q/computer/e/t/3/-original-imagvyw9sknbd98j.jpeg?q=70
109,HP 15s (2023) Intel Core i3 13th Gen 1315U - (8 GB/512 GB SSD/Windows 11 Home) 15-fd0006TU Thin and Li...,"₹48,690",4.2,https://rukminim2.flixcart.com/image/312/312/xif0q/computer/r/s/o/-original-imagwzwcbjxbwbbj.jpeg?q=70
110,HP Pavilion AMD Ryzen 5 Hexa Core 5625U - (8 GB/512 GB SSD/Windows 11 Home) 14-EC1003AU Thin and Light...,"₹50,990",4.4,https://rukminim2.flixcart.com/image/312/312/xif0q/computer/b/c/w/-original-imagwzwb9vmkjhmg.jpeg?q=70
111,Acer Gaming Intel Core i5 13th Gen 13420H - (16 GB/512 GB SSD/Windows 11 Home/6 GB Graphics/NVIDIA GeF...,"₹73,990",,https://rukminim2.flixcart.com/image/312/312/xif0q/computer/d/w/x/anv15-51-gaming-laptop-acer-original-imagtkaqg3qxh6sh.jpeg?q=70
112,Lenovo IdeaPad Gaming 3 AMD Ryzen 5 Hexa Core 6600H - (16 GB/512 GB SSD/Windows 11 Home/4 GB Graphics/...,"₹67,890",4.3,https://rukminim2.flixcart.com/image/312/312/xif0q/computer/t/v/2/-original-imagufyhznq26vpn.jpeg?q=70
113,ASUS Vivobook AMD Ryzen 3 Quad Core 7320U - (8 GB/512 GB SSD/Windows 11 Home) E1404FA-NK327WS Thin and...,"₹33,990",3.6,https://rukminim2.flixcart.com/image/312/312/xif0q/computer/c/r/r/e1404ga-nk322ws-thin-and-light-laptop-asus-original-imagzhrbwyupmwkm.jpeg?q=70
114,Lenovo V15 AMD Ryzen 3 Quad Core 7320U - (8 GB/512 GB SSD/DOS) V15 G4 Thin and Light Laptop,"₹32,990",4.1,https://rukminim2.flixcart.com/image/312/312/xif0q/computer/l/e/e/v15-g4-thin-and-light-laptop-lenovo-original-imagq57gqharggna.jpeg?q=70
115,Lenovo IdeaPad Gaming 3 Intel Core i5 11th Gen 11300H - (8 GB/512 GB SSD/Windows 11 Home/4 GB Graphics...,"₹47,990",4.3,https://rukminim2.flixcart.com/image/312/312/xif0q/computer/n/n/q/-original-imagu3kmvtfdy5hk.jpeg?q=70
116,Lenovo IdeaPad Slim 3 Intel Core i5 12th Gen 12450H - (16 GB/512 GB SSD/Windows 11 Home) 15IAH8 Thin a...,"₹55,990",,https://rukminim2.flixcart.com/image/312/312/xif0q/computer/0/r/r/slim-3-thin-and-light-laptop-lenovo-original-imags8fdsqjxjj56.jpeg?q=70
117,HP Intel Pentium Quad Core N6000 - (8 GB/512 GB SSD/Windows 11 Home) 14S-DR3003TU Thin and Light Lapto...,"₹27,990",2,https://rukminim2.flixcart.com/image/312/312/xif0q/computer/d/r/g/14s-thin-and-light-laptop-hp-original-imagu8xqdnyeka6p.jpeg?q=70
118,Acer One14 Backlit Intel Core i5 11th Gen 1155G7 - (16 GB/512 GB SSD/Windows 11 Home) Z8-415 Thin and ...,"₹36,990",3.7,https://rukminim2.flixcart.com/image/312/312/xif0q/computer/2/z/t/-original-imagtke6rhxjcj9n.jpeg?q=70
119,Acer Gaming Intel Core i5 13th Gen 13420H - (16 GB/512 GB SSD/Windows 11 Home/6 GB Graphics/NVIDIA GeF...,"₹79,990",4.4,https://rukminim2.flixcart.com/image/312/312/xif0q/computer/d/w/x/anv15-51-gaming-laptop-acer-original-imagtkaqg3qxh6sh.jpeg?q=70
120,CHUWI Intel Celeron Dual Core 11th Gen N4020 - (8 GB/256 GB SSD/Windows 11 Home) HeroBook Pro Laptop,"₹17,990",3.6,https://rukminim2.flixcart.com/image/312/312/xif0q/computer/n/m/q/-original-imagrfsbcwgjjegf.jpeg?q=70
121,CHUWI Intel Core i3 10th Gen 1005G1 - (8 GB/512 GB SSD/Windows 11 Home) CoreBook X Grey Laptop,"₹24,990",4.1,https://rukminim2.flixcart.com/image/312/312/xif0q/computer/n/b/l/corebook-x-laptop-chuwi-original-imagwkfspzdtns4j.jpeg?q=70
122,MSI Katana 15 Intel Core i5 12th Gen 12450H - (16 GB/512 GB SSD/Windows 11 Home/6 GB Graphics/NVIDIA G...,"₹67,990",4.3,https://rukminim2.flixcart.com/image/312/312/xif0q/computer/e/6/c/-original-imags9wbfxv6hydz.jpeg?q=70
123,HP 240 G8 Intel Core i3 11th Gen 11th Generation Intel® Core™ i3 processor - (8 GB/512 GB SSD/DOS) 240...,"₹29,980",3.5,https://rukminim2.flixcart.com/image/312/312/l1pc3gw0/computer/u/x/c/hp-240-notebook-hp-original-imagd7bzvn4e2mhx.jpeg?q=70
124,Acer Swift Go 14 AI Powered EVO Intel Core Ultra 5 125H - (16 GB/512 GB SSD/Windows 11 Home) SFG14-72T...,"₹84,990",,https://rukminim2.flixcart.com/image/312/312/xif0q/computer/o/x/7/-original-imagxhuxsfczqrzn.jpeg?q=70
125,HP Pavilion (2023) Eyesafe AMD Ryzen 5 Hexa Core 5625U - (16 GB/512 GB SSD/Windows 11 Home) 14-EC1019A...,"₹54,990",4.4,https://rukminim2.flixcart.com/image/312/312/xif0q/computer/h/u/c/-original-imagxfs93hqxbehu.jpeg?q=70
126,HP 250 G9 Intel Core i3 12th Gen Intel Core i3 1215U - (8 GB/512 GB SSD/Windows 11 Home) 7M657PA Thin ...,"₹33,499",4.1,https://rukminim2.flixcart.com/image/312/312/xif0q/computer/e/t/j/250-g9-business-laptop-hp-original-imagwywdz8wmfbxz.jpeg?q=70
127,Acer Aspire 3 Intel Core i3 12th Gen 1215U - (8 GB/512 GB SSD/Windows 11 Home) A315-59 Thin and Light ...,"₹32,001",4.9,https://rukminim2.flixcart.com/image/312/312/xif0q/computer/t/h/j/-original-imagwyp2uee8zxez.jpeg?q=70
128,HP Victus AI Powered AMD Ryzen 7 Octa Core 7840HS - (16 GB/512 GB SSD/Windows 11 Home/6 GB Graphics/NV...,"₹78,990",4.5,https://rukminim2.flixcart.com/image/312/312/xif0q/computer/b/0/s/16-s0095ax-gaming-laptop-hp-original-imagsn4eepm7trbu.jpeg?q=70
129,ASUS Vivobook Go 15 OLED (2023) AMD Ryzen 3 Quad Core 7320U - (8 GB/512 GB SSD/Windows 11 Home) E1504F...,"₹39,990",4.4,https://rukminim2.flixcart.com/image/312/312/xif0q/computer/a/k/k/-original-imagpxgru35rbzwz.jpeg?q=70
130,HP Pavilion Aero (2023) AMD Ryzen 5 Hexa Core 7535U - (16 GB/512 GB SSD/Windows 11 Home) 13-BE2056AU T...,"₹68,918",4.4,https://rukminim2.flixcart.com/image/312/312/xif0q/computer/d/q/e/-original-imagwzwcrmyhnhmg.jpeg?q=70
131,HP Pavilion AMD Ryzen 5 Hexa Core 5625U - (8 GB/512 GB SSD/Windows 11 Home) 14-EC1003AU Thin and Light...,"₹50,990",4.4,https://rukminim2.flixcart.com/image/312/312/xif0q/computer/b/c/w/-original-imagwzwb9vmkjhmg.jpeg?q=70
132,GIGABYTE G Series Intel Core i5 12th Gen 12500H - (16 GB/512 GB SSD/Windows 11 Home/8 GB Graphics/NVID...,"₹86,990",,https://rukminim2.flixcart.com/image/312/312/xif0q/computer/h/8/w/g5-mf-e2in313sh-gaming-laptop-gigabyte-original-imags36mgkuy5pbb.jpeg?q=70
133,Vaio E Series AMD Ryzen 7 Quad Core 3700U - (8 GB/512 GB SSD/Windows 10 Home) NE15V2IN027P Thin and Li...,"₹35,097",3.6,https://rukminim2.flixcart.com/image/312/312/kmccosw0/computer/2/r/e/e15-amd-thin-and-light-laptop-vaio-original-imagf9eapgpdwujs.jpeg?q=70
134,"ASUS Vivobook Pro 15 For Creator, AMD Ryzen 5 Hexa Core 5600HS - (8 GB/512 GB SSD/Windows 11 Home/4 GB...","₹50,990",4.4,https://rukminim2.flixcart.com/image/312/312/xif0q/computer/r/k/o/-original-imagqkqmf9zzsz5y.jpeg?q=70
135,Ultimus Elite Intel Core i5 10th Gen 1035G4 - (8 GB/512 GB SSD/Windows 11 Home) NU14U3INF56BN-SG Thin ...,"₹19,990",3.6,https://rukminim2.flixcart.com/image/312/312/xif0q/computer/i/u/j/nu14u3inf56bn-sg-thin-and-light-laptop-ultimus-original-imagrtan4ttd2kgg.jpeg?q=70
136,HP Intel Core i3 12th Gen 1215U - (16 GB/512 GB SSD/Windows 11 Home) 15s-fy5004TU Thin and Light Lapto...,"₹44,990",4.2,https://rukminim2.flixcart.com/image/312/312/xif0q/computer/u/h/r/-original-imagwzwcr6ujbkyy.jpeg?q=70
137,ASUS Vivobook 16 (2023) AMD Ryzen 5 Hexa Core 7530U - (16 GB/512 GB SSD/Windows 11 Home) M1605YA-MB542...,"₹49,990",4.4,https://rukminim2.flixcart.com/image/312/312/xif0q/computer/4/t/n/-original-imags564pugw3qaa.jpeg?q=70
138,ASUS X1500EA-EJ3379WS Intel Core i3 11th Gen - (8 GB/512 GB SSD/Windows 11 Home) X1500EA-EJ3379WS Thin...,"₹31,990",4.3,https://rukminim2.flixcart.com/image/312/312/xif0q/computer/f/q/3/vivobook-15-laptop-asus-original-imagp3fg3vwyufjt.jpeg?q=70
139,ASUS Vivobook 15 Intel Core i3 12th Gen i3-1220P - (8 GB/512 GB SSD/Windows 11 Home) X1502ZA-EJ331WS L...,"₹44,490",4.3,https://rukminim2.flixcart.com/image/312/312/xif0q/computer/u/i/u/vivobook-15-laptop-asus-original-imagprqz6ymr259f.jpeg?q=70
140,HP 255 G9 AMD Ryzen 3 Dual Core R3 3250 - (8 GB/512 GB SSD/Windows 11 Home) 255 G8 Business Laptop,"₹26,980",4,https://rukminim2.flixcart.com/image/312/312/xif0q/computer/9/v/w/245-g8-business-laptop-hp-original-imagn4bctguugysg.jpeg?q=70
141,HP Intel Core i3 12th Gen 1215U - (8 GB/1 TB SSD/Windows 11 Home) 15s-fy5005TU Thin and Light Laptop,"₹42,990",4.1,https://rukminim2.flixcart.com/image/312/312/xif0q/computer/g/p/k/-original-imagwzwbdfchzkwh.jpeg?q=70
142,Acer Aspire Lite AMD Ryzen 5 Hexa Core 5500U - (16 GB/1 TB SSD/Windows 11 Home) AL15-41 Thin and Light...,"₹40,990",4,https://rukminim2.flixcart.com/image/312/312/xif0q/computer/s/t/w/-original-imagvkpfeggfh9gg.jpeg?q=70
143,WINGS Nuvobook V1 Aluminium Alloy Metal Body Intel Intel Core i5 11th Gen 1155G7 - (8 GB/512 GB SSD/Wi...,"₹28,990",4.1,https://rukminim2.flixcart.com/image/312/312/xif0q/computer/s/v/s/-original-imagtq43zdsucjk9.jpeg?q=70
144,Acer Swift Go 14 AI Powered EVO Intel Core Ultra 5 125H - (16 GB/512 GB SSD/Windows 11 Home) SFG14-72T...,"₹84,990",,https://rukminim2.flixcart.com/image/312/312/xif0q/computer/o/x/7/-original-imagxhuxsfczqrzn.jpeg?q=70
145,CHUWI Intel Core i3 10th Gen 1005G1 - (8 GB/512 GB SSD/Windows 11 Home) CoreBook X Grey Laptop,"₹24,990",4.1,https://rukminim2.flixcart.com/image/312/312/xif0q/computer/n/b/l/corebook-x-laptop-chuwi-original-imagwkfspzdtns4j.jpeg?q=70
146,ASUS X1500EA-EJ3379WS Intel Core i3 11th Gen - (8 GB/512 GB SSD/Windows 11 Home) X1500EA-EJ3379WS Thin...,"₹31,990",4.3,https://rukminim2.flixcart.com/image/312/312/xif0q/computer/f/q/3/vivobook-15-laptop-asus-original-imagp3fg3vwyufjt.jpeg?q=70
147,HP 15s Intel Core i5 12th Gen - (8 GB/512 GB SSD/Windows 11 Home) 15S-FQ5202TU Thin and Light Laptop,"₹49,990",3.9,https://rukminim2.flixcart.com/image/312/312/xif0q/computer/o/o/i/15s-fq5202tu-thin-and-light-laptop-hp-original-imagsjtqwfgr9ffn.jpeg?q=70
148,Lenovo IdeaPad Slim 3 Intel Core i3 12th Gen 1215U - (8 GB/256 GB SSD/Windows 11 Home) 15IAU7 Thin and...,"₹31,990",4.1,https://rukminim2.flixcart.com/image/312/312/xif0q/computer/0/f/v/-original-imaguyhzwj4tqwqu.jpeg?q=70
149,ASUS Zenbook 14X OLED AMD Ryzen 7 Octa Core 5800HS - (16 GB/1 TB SSD/Windows 11 Home) UM5401QA-KM751WS...,"₹70,990",4.4,https://rukminim2.flixcart.com/image/312/312/xif0q/computer/c/s/u/-original-imagqdrxypn25zdt.jpeg?q=70
150,HP Pavilion (2023) Eyesafe AMD Ryzen 5 Hexa Core 5625U - (16 GB/512 GB SSD/Windows 11 Home) 14-EC1019A...,"₹54,990",4.4,https://rukminim2.flixcart.com/image/312/312/xif0q/computer/h/u/c/-original-imagxfs93hqxbehu.jpeg?q=70
151,HP Pavilion Aero (2023) AMD Ryzen 5 Hexa Core 7535U - (16 GB/512 GB SSD/Windows 11 Home) 13-BE2056AU T...,"₹68,918",4.4,https://rukminim2.flixcart.com/image/312/312/xif0q/computer/d/q/e/-original-imagwzwcrmyhnhmg.jpeg?q=70
152,HP AMD Ryzen 5 Hexa Core 5500U - (8 GB/512 GB SSD/Windows 11 Home) 14s-fq1092au Thin and Light Laptop,"₹39,795",4.3,https://rukminim2.flixcart.com/image/312/312/xif0q/computer/q/s/b/-original-imagwzwcyz6x6awc.jpeg?q=70
153,HP 250 G9 Intel Core i3 12th Gen Intel Core i3 1215U - (8 GB/512 GB SSD/Windows 11 Home) 7M657PA Thin ...,"₹33,499",4.1,https://rukminim2.flixcart.com/image/312/312/xif0q/computer/e/t/j/250-g9-business-laptop-hp-original-imagwywdz8wmfbxz.jpeg?q=70
154,HP Pavilion AMD Ryzen 5 Hexa Core 5625U - (8 GB/512 GB SSD/Windows 11 Home) 14-EC1003AU Thin and Light...,"₹50,990",4.4,https://rukminim2.flixcart.com/image/312/312/xif0q/computer/b/c/w/-original-imagwzwb9vmkjhmg.jpeg?q=70
155,ASUS Vivobook Go 15 (2023) AMD Ryzen 3 Quad Core 7320U - (8 GB/512 GB SSD/Windows 11 Home) E1504FA-NJ3...,"₹33,990",4.2,https://rukminim2.flixcart.com/image/312/312/xif0q/computer/c/r/7/-original-imagpxgqbu5hmwzs.jpeg?q=70
156,DELL Inspiron Intel Core i5 13th Gen 1335U - (8 GB/512 GB SSD/Windows 11 Home) Inspiron 5430 Thin and ...,"₹63,990",4.1,https://rukminim2.flixcart.com/image/312/312/xif0q/computer/8/p/q/inspiron-5430-thin-and-light-laptop-dell-original-imagueh3hwuj7cgk.jpeg?q=70
157,HP Chromebook Plus (2023) Intel Core i5 11th Gen 1135G7 - (8 GB/256 GB SSD/Chrome OS) 14c-cc0010TU Chr...,"₹44,990",4,https://rukminim2.flixcart.com/image/312/312/xif0q/computer/1/g/k/-original-imagwzwc7nqjm8zx.jpeg?q=70
158,Lenovo AMD Athlon Dual Core 3050U - (4 GB/256 GB SSD/Windows 10 Home) E41-55 Thin and Light Laptop,"₹19,391",3.9,https://rukminim2.flixcart.com/image/312/312/xif0q/computer/g/w/y/-original-imagmuhrzbmzwnee.jpeg?q=70
159,HP AMD Ryzen 5 Hexa Core 5500U - (8 GB/512 GB SSD/Windows 11 Home) 15s- eq2144au Thin and Light Laptop,"₹40,499",4.3,https://rukminim2.flixcart.com/image/312/312/xif0q/computer/y/4/9/-original-imagwzwcv9mbgq8s.jpeg?q=70
160,DELL G15 Intel Core i5 12th Gen 12500H - (8 GB/512 GB SSD/Windows 11 Home/4 GB Graphics/NVIDIA GeForce...,"₹68,890",4.4,https://rukminim2.flixcart.com/image/312/312/l26hdow0/computer/d/r/a/g15-5521-se-gaming-laptop-dell-original-imagdktezaswjvsk.jpeg?q=70
161,DELL Inspiron Intel Core i3 12th Gen 1215U - (8 GB/512 GB SSD/Windows 11 Home) Inspiron 3520 Thin and ...,"₹37,850",3.7,https://rukminim2.flixcart.com/image/312/312/xif0q/computer/p/t/p/inspiron-3520-thin-and-light-laptop-dell-original-imaguzh2xuqjrctf.jpeg?q=70
162,WINGS Nuvobook V1 Aluminium Alloy Metal Body Intel Intel Core i5 11th Gen 1155G7 - (8 GB/512 GB SSD/Wi...,"₹28,990",4.1,https://rukminim2.flixcart.com/image/312/312/xif0q/computer/n/t/0/-original-imagtq4fhjztzgcq.jpeg?q=70
163,MSI GF63 Intel Core i5 12th Gen 12450H - (16 GB/1 TB HDD/256 GB SSD/Windows 11 Home/8 GB Graphics/NVID...,"₹86,990",4.3,https://rukminim2.flixcart.com/image/312/312/xif0q/computer/5/k/g/-original-imags9waxpfd8nsc.jpeg?q=70
164,Acer Aspire 7 Intel Core i5 12th Gen 12450H - (8 GB/512 GB SSD/Windows 11 Home/4 GB Graphics/NVIDIA Ge...,"₹54,990",4.2,https://rukminim2.flixcart.com/image/312/312/xif0q/computer/e/d/w/-original-imagu3kwas7j6g6a.jpeg?q=70
165,MSI GF63 Intel Core i7 11th Gen 11800H - (16 GB/1 TB HDD/256 GB SSD/Windows 11 Home/4 GB Graphics/NVID...,"₹66,500",4.3,https://rukminim2.flixcart.com/image/312/312/xif0q/computer/z/i/f/-original-imagt8bb7ruggfgm.jpeg?q=70
166,realme Book Prime Intel Core i5 11th Gen 11320H - (8 GB/512 GB SSD/Windows 11 Home) CloudPro002 Thin a...,"₹47,999",4.2,https://rukminim2.flixcart.com/image/312/312/xif0q/computer/r/r/5/cloudpro002-thin-and-light-laptop-realme-original-imagzbmdkam2beh6.jpeg?q=70
167,HP AMD Ryzen 3 Quad Core 7320U - (8 GB/512 GB SSD/Windows 11 Home) 15-fc0025AU Thin and Light Laptop,"₹33,990",3.8,https://rukminim2.flixcart.com/image/312/312/xif0q/computer/k/z/k/-original-imagwy8e8jzgfzxz.jpeg?q=70
168,DELL G15 Intel Core i5 12th Gen 12500H - (8 GB/512 GB SSD/Windows 11 Home/4 GB Graphics/NVIDIA GeForce...,"₹68,890",4.4,https://rukminim2.flixcart.com/image/312/312/l26hdow0/computer/d/r/a/g15-5521-se-gaming-laptop-dell-original-imagdktezaswjvsk.jpeg?q=70
169,MSI GF63 Intel Core i7 11th Gen 11800H - (16 GB/1 TB HDD/256 GB SSD/Windows 11 Home/4 GB Graphics/NVID...,"₹66,500",4.3,https://rukminim2.flixcart.com/image/312/312/xif0q/computer/z/i/f/-original-imagt8bb7ruggfgm.jpeg?q=70
170,CHUWI Intel Celeron Dual Core 11th Gen N4020 - (8 GB/256 GB SSD/Windows 11 Home) HeroBook Pro Laptop,"₹17,990",3.6,https://rukminim2.flixcart.com/image/312/312/xif0q/computer/n/m/q/-original-imagrfsbcwgjjegf.jpeg?q=70
171,CHUWI Intel Core i3 10th Gen 1005G1 - (8 GB/512 GB SSD/Windows 11 Home) CoreBook X Grey Laptop,"₹24,990",4.1,https://rukminim2.flixcart.com/image/312/312/xif0q/computer/n/b/l/corebook-x-laptop-chuwi-original-imagwkfspzdtns4j.jpeg?q=70
172,realme Book Prime Intel Core i5 11th Gen 11320H - (8 GB/512 GB SSD/Windows 11 Home) CloudPro002 Thin a...,"₹47,999",4.2,https://rukminim2.flixcart.com/image/312/312/xif0q/computer/r/r/5/cloudpro002-thin-and-light-laptop-realme-original-imagzbmdkam2beh6.jpeg?q=70
173,ZEBRONICS Pro Series Y Intel Core i3 11th Gen 1125G4 - (8 GB/512 GB SSD/Windows 11 Home) ZEB-NBC 1S Th...,"₹27,990",3.5,https://rukminim2.flixcart.com/image/312/312/xif0q/computer/k/t/l/-original-imagx2ybugvxspma.jpeg?q=70
174,Acer Swift Go 14 AI Powered EVO Intel Core Ultra 5 125H - (16 GB/512 GB SSD/Windows 11 Home) SFG14-72T...,"₹84,990",,https://rukminim2.flixcart.com/image/312/312/xif0q/computer/o/x/7/-original-imagxhuxsfczqrzn.jpeg?q=70
175,HP Pavilion (2023) Eyesafe AMD Ryzen 5 Hexa Core 5625U - (16 GB/512 GB SSD/Windows 11 Home) 14-EC1019A...,"₹54,990",4.4,https://rukminim2.flixcart.com/image/312/312/xif0q/computer/h/u/c/-original-imagxfs93hqxbehu.jpeg?q=70
176,HP Victus AI Powered AMD Ryzen 7 Octa Core 7840HS - (16 GB/512 GB SSD/Windows 11 Home/6 GB Graphics/NV...,"₹78,990",4.5,https://rukminim2.flixcart.com/image/312/312/xif0q/computer/b/0/s/16-s0095ax-gaming-laptop-hp-original-imagsn4eepm7trbu.jpeg?q=70
177,Lenovo IdeaPad Gaming 3 AMD Ryzen 5 Hexa Core 5500H - (8 GB/512 GB SSD/Windows 11 Home/4 GB Graphics/N...,"₹59,900",4.1,https://rukminim2.flixcart.com/image/312/312/xif0q/computer/b/g/f/-original-imagufyhvwswufvm.jpeg?q=70
178,Acer Aspire 7 Intel Core i5 12th Gen 12450H - (8 GB/512 GB SSD/Windows 11 Home/4 GB Graphics/NVIDIA Ge...,"₹54,990",4.2,https://rukminim2.flixcart.com/image/312/312/xif0q/computer/e/d/w/-original-imagu3kwas7j6g6a.jpeg?q=70
179,HP Victus AMD Ryzen 5 Hexa Core 5600H - (16 GB/512 GB SSD/Windows 11 Home/4 GB Graphics/NVIDIA GeForce...,"₹70,990",4.3,https://rukminim2.flixcart.com/image/312/312/xif0q/computer/8/i/j/-original-imagthcbgurdzwuc.jpeg?q=70
180,HP Pavilion Aero (2023) AMD Ryzen 5 Hexa Core 7535U - (16 GB/512 GB SSD/Windows 11 Home) 13-BE2056AU T...,"₹68,918",4.4,https://rukminim2.flixcart.com/image/312/312/xif0q/computer/d/q/e/-original-imagwzwcrmyhnhmg.jpeg?q=70
181,HP Pavilion AMD Ryzen 5 Hexa Core 5625U - (8 GB/512 GB SSD/Windows 11 Home) 14-EC1003AU Thin and Light...,"₹50,990",4.4,https://rukminim2.flixcart.com/image/312/312/xif0q/computer/b/c/w/-original-imagwzwb9vmkjhmg.jpeg?q=70
182,Acer Intel Core i5 11th Gen - (8 GB/512 GB SSD/Windows 11 Home) AL15-51 Laptop,"₹39,339",4.3,https://rukminim2.flixcart.com/image/312/312/xif0q/computer/r/k/g/aspire-lite-thin-and-light-laptop-acer-original-imagrwjryg4gbskf.jpeg?q=70
183,MSI GF63 Intel Core i5 11th Gen 11260H - (16 GB/512 GB SSD/Windows 11 Home/4 GB Graphics/NVIDIA GeForc...,"₹47,990",4.1,https://rukminim2.flixcart.com/image/312/312/xif0q/computer/j/z/w/-original-imagt8bdregjrwdw.jpeg?q=70
184,Acer Intel Core i3 12th Gen - (8 GB/512 GB SSD/Windows 11 Home) Aspire 3 Laptop,"₹29,890",4.7,https://rukminim2.flixcart.com/image/312/312/xif0q/computer/x/z/w/a315-510p-laptop-acer-original-imagqtmyyfcxt4ah.jpeg?q=70
185,Lenovo V15 AMD Ryzen 3 Quad Core 5300U - (8 GB/256 GB SSD/16 GB EMMC Storage/Windows 11 Home) V15 Busi...,"₹28,499",3.5,https://rukminim2.flixcart.com/image/312/312/xif0q/computer/h/4/p/v15-thin-and-light-laptop-lenovo-original-imagmm9wydypwjr9.jpeg?q=70
186,ZEBRONICS Pro Series Z Intel Core i5 12th Gen 1235U - (8 GB/512 GB SSD/Windows 11 Home) ZEB-NBC 4S Thi...,"₹37,990",3.7,https://rukminim2.flixcart.com/image/312/312/xif0q/computer/u/r/i/-original-imagx2ycpexrkvsz.jpeg?q=70
187,ASUS ROG Strix G15 (2022) AMD Ryzen 7 Octa Core 6800HS - (16 GB/1 TB SSD/Windows 11 Home/4 GB Graphics...,"₹79,990",4.3,https://rukminim2.flixcart.com/image/312/312/l0vbukw0/computer/z/o/e/-original-imagckcfz6jgjn3z.jpeg?q=70
188,HP Pavilion x360 Intel Core i5 12th Gen 1235U - (16 GB/512 GB SSD/Windows 11 Home) 14-ek0074TU 2 in 1 ...,"₹73,000",4.1,https://rukminim2.flixcart.com/image/312/312/xif0q/computer/q/x/b/-original-imagwzwbhgrr88xg.jpeg?q=70
189,ASUS TUF Gaming F15 Intel Core i7 11th Gen 11800H - (16 GB/1 TB SSD/Windows 11 Home/4 GB Graphics/NVID...,"₹77,990",,https://rukminim2.flixcart.com/image/312/312/xif0q/computer/i/v/q/-original-imagx3ancyz5wnhz.jpeg?q=70
190,Infinix X2 Slim Intel Intel Core i5 11th Gen 1155G7 - (16 GB/512 GB SSD/Windows 11 Home) XL23 Thin and...,"₹32,990",4.1,https://rukminim2.flixcart.com/image/312/312/xif0q/computer/k/k/e/inbook-thin-and-light-laptop-infinix-original-imagpyjduraxwu4m.jpeg?q=70
191,ZEBRONICS Pro Series Z Intel Core i7 12th Gen 1255U - (16 GB/1 TB SSD/Windows 11 Home) ZEB-NBC 5S Thin...,"₹48,990",4,https://rukminim2.flixcart.com/image/312/312/xif0q/computer/h/k/6/-original-imagx2yw3xpbyg5g.jpeg?q=70
192,HP 15s Intel Core i3 11th Gen 1115G4 - (8 GB/512 GB SSD/Windows 11 Home) 15s-fr2511TU Thin and Light L...,"₹39,999",4.3,https://rukminim2.flixcart.com/image/312/312/xif0q/computer/p/y/v/-original-imagphhhpk9f25ed.jpeg?q=70
193,MSI Bravo 15 AMD Ryzen 7 Octa Core 7735HS - (16 GB/512 GB SSD/Windows 11 Home/4 GB Graphics/AMD Radeon...,"₹59,990",,https://rukminim2.flixcart.com/image/312/312/xif0q/computer/b/j/7/bravo-15-b5ed-notebook-msi-original-imagz3rya2qqbhjt.jpeg?q=70
194,CHUWI Intel Core i3 10th Gen 1005G1 - (8 GB/512 GB SSD/Windows 11 Home) CoreBook X Grey Laptop,"₹24,990",4.1,https://rukminim2.flixcart.com/image/312/312/xif0q/computer/n/b/l/corebook-x-laptop-chuwi-original-imagwkfspzdtns4j.jpeg?q=70
195,Acer Swift Go 14 AI Powered EVO Intel Core Ultra 5 125H - (16 GB/512 GB SSD/Windows 11 Home) SFG14-72T...,"₹84,990",,https://rukminim2.flixcart.com/image/312/312/xif0q/computer/o/x/7/-original-imagxhuxsfczqrzn.jpeg?q=70
196,DELL G15 Intel Core i5 12th Gen 12500H - (16 GB/512 GB SSD/Windows 11 Home/4 GB Graphics/NVIDIA GeForc...,"₹73,990",4.1,https://rukminim2.flixcart.com/image/312/312/l26hdow0/computer/d/r/a/g15-5521-se-gaming-laptop-dell-original-imagdktezaswjvsk.jpeg?q=70
197,SAMSUNG Galaxy Book3 Pro 360 EVO AMOLED Intel Core i7 13th Gen 1360P - (16 GB/1 TB SSD/Windows 11 Home...,"₹1,69,990",4.7,https://rukminim2.flixcart.com/image/312/312/xif0q/computer/j/v/d/-original-imagqtrgjwhsafpa.jpeg?q=70
198,ASUS Vivobook 15 Intel Core i3 12th Gen i3-1220P - (8 GB/512 GB SSD/Windows 11 Home) X1502ZA-EJ385WS T...,"₹41,990",4.2,https://rukminim2.flixcart.com/image/312/312/xif0q/computer/z/e/b/asus-vivobook-15-laptop-asus-original-imagt5yyzykayggk.jpeg?q=70
199,DELL Vostro AMD Ryzen 5 Hexa Core 5625U - (16 GB/512 GB SSD/Windows 11 Home) Vostro 3425 Thin and Ligh...,"₹50,990",4.1,https://rukminim2.flixcart.com/image/312/312/xif0q/computer/u/b/r/vostro-3425-thin-and-light-laptop-dell-original-imagueh6w4utmfgb.jpeg?q=70
200,HP Pavilion (2023) Eyesafe AMD Ryzen 5 Hexa Core 5625U - (16 GB/512 GB SSD/Windows 11 Home) 14-EC1019A...,"₹54,990",4.4,https://rukminim2.flixcart.com/image/312/312/xif0q/computer/h/u/c/-original-imagxfs93hqxbehu.jpeg?q=70
201,HP Pavilion Aero (2023) AMD Ryzen 5 Hexa Core 7535U - (16 GB/512 GB SSD/Windows 11 Home) 13-BE2056AU T...,"₹68,918",4.4,https://rukminim2.flixcart.com/image/312/312/xif0q/computer/d/q/e/-original-imagwzwcrmyhnhmg.jpeg?q=70
202,Lenovo ThinkBook 15 Intel Core i5 12th Gen 1235U - (8 GB/512 GB SSD/Windows 11 Home) TB15 G4 IAP Thin ...,"₹52,190",4,https://rukminim2.flixcart.com/image/312/312/xif0q/computer/l/c/g/tb15-g4-iap-thin-and-light-laptop-lenovo-original-imagpjfbryrdvhcy.jpeg?q=70
203,ASUS Chromebook Intel Celeron Dual Core N4500 - (4 GB/128 GB EMMC Storage/Chrome OS) CX1400CKA-EK0335 ...,"₹15,990",3.6,https://rukminim2.flixcart.com/image/312/312/xif0q/computer/7/d/p/-original-imagtmsy3bybzpvq.jpeg?q=70
204,HP Pavilion AMD Ryzen 5 Hexa Core 5625U - (8 GB/512 GB SSD/Windows 11 Home) 14-EC1003AU Thin and Light...,"₹50,990",4.4,https://rukminim2.flixcart.com/image/312/312/xif0q/computer/b/c/w/-original-imagwzwb9vmkjhmg.jpeg?q=70
205,ASUS TUF Gaming F15 - AI Powered Gaming Intel Core i5 11th Gen 11400H - (8 GB/1 TB SSD/Windows 11 Home...,"₹52,990",3.8,https://rukminim2.flixcart.com/image/312/312/xif0q/computer/h/w/b/-original-imagtzvhxxuhzr4g.jpeg?q=70
206,Infinix X3 Slim Intel Intel Core i5 12th Gen 1235U - (16 GB/512 GB SSD/Windows 11 Home) XL422 Thin and...,"₹36,990",4.1,https://rukminim2.flixcart.com/image/312/312/xif0q/computer/4/p/5/xl422-thin-and-light-laptop-infinix-original-imags7v8jtvc2q6f.jpeg?q=70
207,ASUS Vivobook S15 OLED Intel EVO H-Series Intel Core i7 12th Gen 12700H - (16 GB/512 GB SSD/Windows 11...,"₹77,990",4,https://rukminim2.flixcart.com/image/312/312/xif0q/computer/1/c/4/-original-imagu4zqbyvad3hu.jpeg?q=70
208,Lenovo AMD Ryzen 5 Hexa Core 5500U - (8 GB/512 GB SSD/Windows 11 Home) V15 Thin and Light Laptop,"₹33,941",4.1,https://rukminim2.flixcart.com/image/312/312/xif0q/computer/m/e/i/v15-laptop-lenovo-original-imaghvguhkzhedwq.jpeg?q=70
209,ASUS TUF Gaming F15 Intel Core i7 11th Gen 11800H - (16 GB/1 TB SSD/Windows 11 Home/4 GB Graphics/NVID...,"₹77,990",4.5,https://rukminim2.flixcart.com/image/312/312/xif0q/computer/j/g/j/fx506hc-hn089ws-gaming-laptop-asus-original-imagrv42t2eyhkyu.jpeg?q=70
210,Infinix X3 Slim Intel Intel Core i7 12th Gen 1255U - (16 GB/512 GB SSD/Windows 11 Home) XL422 Thin and...,"₹39,990",4.2,https://rukminim2.flixcart.com/image/312/312/xif0q/computer/z/w/j/xl422-thin-and-light-laptop-infinix-original-imags7v8m4zcsab2.jpeg?q=70
211,HP Victus Intel Core i7 12th Gen 12650H - (16 GB/512 GB SSD/Windows 11 Home/4 GB Graphics/NVIDIA GeFor...,"₹85,990",4.4,https://rukminim2.flixcart.com/image/312/312/l5bd5zk0/computer/o/l/w/15-fa0353tx-gaming-laptop-hp-original-imaggytdx6zpv6qg.jpeg?q=70
212,"ASUS ROG Zephyrus G14 (2023) with 76WHr Battery, AI Powered AMD Ryzen 9 Octa Core 7940HS - (16 GB/1 TB...","₹1,39,990",3.5,https://rukminim2.flixcart.com/image/312/312/xif0q/computer/i/q/c/-original-imagqkqnfzpvkdvf.jpeg?q=70
213,HP OMEN Intel Core i7 13th Gen 13700HX - (16 GB/1 TB SSD/Windows 11 Home/8 GB Graphics/NVIDIA GeForce ...,"₹1,57,990",,https://rukminim2.flixcart.com/image/312/312/xif0q/computer/z/i/h/-original-imagsnzbxbratzfa.jpeg?q=70
214,HP Victus AMD Ryzen 7 Octa Core 5800H - (16 GB/512 GB SSD/Windows 11 Home/4 GB Graphics/NVIDIA GeForce...,"₹64,990",4.4,https://rukminim2.flixcart.com/image/312/312/xif0q/computer/8/i/j/-original-imagthcbgurdzwuc.jpeg?q=70
215,ZEBRONICS Pro Series Z Intel Core i5 12th Gen 1235U - (16 GB/512 GB SSD/Windows 11 Home) ZEB-NBC 4S Th...,"₹39,990",3.7,https://rukminim2.flixcart.com/image/312/312/xif0q/computer/9/f/m/-original-imagx2yfgbapsgze.jpeg?q=70
216,HP Victus AMD Ryzen 7 Octa Core 5800H - (16 GB/512 GB SSD/Windows 11 Home/4 GB Graphics/NVIDIA GeForce...,"₹64,990",4.4,https://rukminim2.flixcart.com/image/312/312/xif0q/computer/8/i/j/-original-imagthcbgurdzwuc.jpeg?q=70
217,ASUS TUF Gaming F15 Intel Core i7 11th Gen 11800H - (16 GB/1 TB SSD/Windows 11 Home/4 GB Graphics/NVID...,"₹77,990",4.5,https://rukminim2.flixcart.com/image/312/312/xif0q/computer/j/g/j/fx506hc-hn089ws-gaming-laptop-asus-original-imagrv42t2eyhkyu.jpeg?q=70
218,Lenovo ThinkBook 15 Intel Core i5 12th Gen 1235U - (8 GB/512 GB SSD/Windows 11 Home) TB15 G4 IAP Thin ...,"₹52,190",4,https://rukminim2.flixcart.com/image/312/312/xif0q/computer/l/c/g/tb15-g4-iap-thin-and-light-laptop-lenovo-original-imagpjfbryrdvhcy.jpeg?q=70
219,ASUS Vivobook S15 OLED Intel EVO H-Series Intel Core i7 12th Gen 12700H - (16 GB/512 GB SSD/Windows 11...,"₹77,990",4,https://rukminim2.flixcart.com/image/312/312/xif0q/computer/1/c/4/-original-imagu4zqbyvad3hu.jpeg?q=70
220,CHUWI Intel Celeron Dual Core 11th Gen N4020 - (8 GB/256 GB SSD/Windows 11 Home) HeroBook Pro Laptop,"₹17,990",3.6,https://rukminim2.flixcart.com/image/312/312/xif0q/computer/n/m/q/-original-imagrfsbcwgjjegf.jpeg?q=70
221,CHUWI Intel Core i3 10th Gen 1005G1 - (8 GB/512 GB SSD/Windows 11 Home) CoreBook X Grey Laptop,"₹24,990",4.1,https://rukminim2.flixcart.com/image/312/312/xif0q/computer/n/b/l/corebook-x-laptop-chuwi-original-imagwkfspzdtns4j.jpeg?q=70
222,HP OMEN Intel Core i7 13th Gen 13700HX - (16 GB/1 TB SSD/Windows 11 Home/8 GB Graphics/NVIDIA GeForce ...,"₹1,57,990",,https://rukminim2.flixcart.com/image/312/312/xif0q/computer/z/i/h/-original-imagsnzbxbratzfa.jpeg?q=70
223,Infinix X3 Slim Intel Intel Core i7 12th Gen 1255U - (16 GB/512 GB SSD/Windows 11 Home) XL422 Thin and...,"₹39,990",4.2,https://rukminim2.flixcart.com/image/312/312/xif0q/computer/z/w/j/xl422-thin-and-light-laptop-infinix-original-imags7v8m4zcsab2.jpeg?q=70
224,Acer Swift Go 14 AI Powered EVO Intel Core Ultra 5 125H - (16 GB/512 GB SSD/Windows 11 Home) SFG14-72T...,"₹84,990",,https://rukminim2.flixcart.com/image/312/312/xif0q/computer/o/x/7/-original-imagxhuxsfczqrzn.jpeg?q=70
225,HP Pavilion (2023) Eyesafe AMD Ryzen 5 Hexa Core 5625U - (16 GB/512 GB SSD/Windows 11 Home) 14-EC1019A...,"₹54,990",4.4,https://rukminim2.flixcart.com/image/312/312/xif0q/computer/h/u/c/-original-imagxfs93hqxbehu.jpeg?q=70
226,ZEBRONICS Pro Series Z Intel Core i5 12th Gen 1235U - (16 GB/512 GB SSD/Windows 11 Home) ZEB-NBC 4S Th...,"₹39,990",3.7,https://rukminim2.flixcart.com/image/312/312/xif0q/computer/9/f/m/-original-imagx2yfgbapsgze.jpeg?q=70
227,DELL Inspiron Intel Core i3 12th Gen 1215U - (8 GB/512 GB SSD/Windows 11 Home) Inspiron 3520 Thin and ...,"₹37,990",,https://rukminim2.flixcart.com/image/312/312/xif0q/computer/w/n/b/inspiron-3520-thin-and-light-laptop-dell-original-imaguz3ysheeybru.jpeg?q=70
228,DELL Inspiron Intel Core i5 12th Gen 1235U - (8 GB/512 GB SSD/Windows 11 Home) New Inspiron 15 Laptop ...,"₹47,990",4,https://rukminim2.flixcart.com/image/312/312/xif0q/computer/y/h/w/-original-imaghzahgukpkyfu.jpeg?q=70
229,ASUS Vivobook Go 14 (2023) AMD Ryzen 3 Quad Core 7320U - (8 GB/512 GB SSD/Windows 11 Home) E1404FA-NK3...,"₹35,091",4.4,https://rukminim2.flixcart.com/image/312/312/xif0q/computer/u/9/6/-original-imagpxgq3wcnwpwv.jpeg?q=70
230,HP Pavilion Aero (2023) AMD Ryzen 5 Hexa Core 7535U - (16 GB/512 GB SSD/Windows 11 Home) 13-BE2056AU T...,"₹68,918",4.4,https://rukminim2.flixcart.com/image/312/312/xif0q/computer/d/q/e/-original-imagwzwcrmyhnhmg.jpeg?q=70
231,HP Pavilion AMD Ryzen 5 Hexa Core 5625U - (8 GB/512 GB SSD/Windows 11 Home) 14-EC1003AU Thin and Light...,"₹50,990",4.4,https://rukminim2.flixcart.com/image/312/312/xif0q/computer/b/c/w/-original-imagwzwb9vmkjhmg.jpeg?q=70
232,DELL Inspiron Intel Core i5 11th Gen - (8 GB/1 TB HDD/256 GB SSD/Windows 10/2 GB Graphics) Inspiron 35...,"₹58,399",3.8,https://rukminim2.flixcart.com/image/312/312/ku5ufm80/computer/s/j/p/inspiron-3511-thin-and-light-laptop-dell-original-imag7csraspfw7zj.jpeg?q=70
233,HP Pavilion Intel Core i5 13th Gen 1335U - (16 GB/1 TB SSD/Windows 11 Home) 15-eg3018TU Thin and Light...,"₹73,828",4.3,https://rukminim2.flixcart.com/image/312/312/xif0q/computer/n/7/m/-original-imagwy8djqdwrwjf.jpeg?q=70
234,Lenovo Ideapad Intel Celeron Dual Core N4020 - (4 GB/64 GB EMMC Storage/Chrome OS) 11IGL05 Chromebook,"₹13,990",3,https://rukminim2.flixcart.com/image/312/312/xif0q/computer/9/j/w/11igl05-chromebook-lenovo-original-imaguz2zmhgpszgt.jpeg?q=70
235,HP Pavilion x360 Intel Core i5 13th Gen 1335U - (16 GB/1 TB SSD/Windows 11 Home) 14-ek1010TU 2 in 1 La...,"₹79,488",4.2,https://rukminim2.flixcart.com/image/312/312/xif0q/computer/n/s/k/-original-imagwy8ducgpdz2x.jpeg?q=70
236,HP Pavilion (2023) Intel Core i5 13th Gen 1340P - (16 GB/512 GB SSD/Windows 11 Home) 15-eg3079TU Thin ...,"₹69,990",4.3,https://rukminim2.flixcart.com/image/312/312/xif0q/computer/p/e/e/-original-imagrgm4ksqy2cg7.jpeg?q=70
237,DELL Latitude Intel Core i3 11th Gen Core i3-1115G4 - (8 GB/256 GB SSD/Ubuntu) 3420 Business Laptop,"₹30,990",4.3,https://rukminim2.flixcart.com/image/312/312/xif0q/computer/y/y/r/latitude-3420-business-laptop-dell-original-imagnzaqfkcyn2vp.jpeg?q=70
238,Lenovo IdeaPad Slim 5 WUXGA-OLED Intel Intel Core i7 13th Gen 13620H - (16 GB/512 GB SSD/Windows 11 Ho...,"₹79,990",4.1,https://rukminim2.flixcart.com/image/312/312/xif0q/computer/a/a/h/-original-imagufyhjfmz34jy.jpeg?q=70
239,Lenovo IdeaPad Slim 5 AMD Ryzen 5 Hexa Core 7530U - (16 GB/512 GB SSD/Windows 11 Home) 14ABR8 Thin and...,"₹59,190",4.5,https://rukminim2.flixcart.com/image/312/312/xif0q/computer/1/5/r/-original-imagufyh3gzrw68x.jpeg?q=70
240,CHUWI Intel Celeron Dual Core 11th Gen N4020 - (8 GB/256 GB SSD/Windows 11 Home) HeroBook Pro Laptop,"₹17,990",3.6,https://rukminim2.flixcart.com/image/312/312/xif0q/computer/n/m/q/-original-imagrfsbcwgjjegf.jpeg?q=70
241,CHUWI Intel Core i3 10th Gen 1005G1 - (8 GB/512 GB SSD/Windows 11 Home) CoreBook X Grey Laptop,"₹24,990",4.1,https://rukminim2.flixcart.com/image/312/312/xif0q/computer/n/b/l/corebook-x-laptop-chuwi-original-imagwkfspzdtns4j.jpeg?q=70
242,ASUS Vivobook Go 15 OLED (2023) AMD Ryzen 5 Quad Core 7520U - (16 GB/512 GB SSD/Windows 11 Home) E1504...,"₹55,290",4.3,https://rukminim2.flixcart.com/image/312/312/xif0q/computer/j/w/d/-original-imagpxgqz93j3fgy.jpeg?q=70
243,HP Chromebook (2023) MediaTek MediaTek Kompanio 1200 - (8 GB/256 GB SSD/Chrome OS) 13b-ca0006MU Chrome...,"₹32,990",4,https://rukminim2.flixcart.com/image/312/312/xif0q/computer/c/p/p/13b-ca0006mu-thin-and-light-laptop-hp-original-imagzyavzxwvddgw.jpeg?q=70
244,Acer Swift Go 14 AI Powered EVO Intel Core Ultra 5 125H - (16 GB/512 GB SSD/Windows 11 Home) SFG14-72T...,"₹84,990",,https://rukminim2.flixcart.com/image/312/312/xif0q/computer/o/x/7/-original-imagxhuxsfczqrzn.jpeg?q=70
245,HP Pavilion (2023) Eyesafe AMD Ryzen 5 Hexa Core 5625U - (16 GB/512 GB SSD/Windows 11 Home) 14-EC1019A...,"₹54,990",4.4,https://rukminim2.flixcart.com/image/312/312/xif0q/computer/h/u/c/-original-imagxfs93hqxbehu.jpeg?q=70
246,Acer Predator (2023) Intel Core i9 13th Gen 13900HX - (32 GB/1 TB SSD/Windows 11 Home/12 GB Graphics/N...,"₹2,49,990",4.7,https://rukminim2.flixcart.com/image/312/312/xif0q/computer/o/g/r/-original-imagp7w4rtcsyjzj.jpeg?q=70
247,HP 15s (2023) AMD Ryzen 5 Quad Core 7520U - (16 GB/512 GB SSD/Windows 11 Home) 15-fc0031AU Thin and Li...,"₹50,090",4.3,https://rukminim2.flixcart.com/image/312/312/xif0q/computer/s/a/q/-original-imagwzwcqg5h4rz6.jpeg?q=70
248,DELL Inspiron AMD Ryzen 5 Quad Core 5500u - (8 GB/512 GB SSD/Windows 11 Home) Inspiron 3525 Thin and L...,"₹39,490",3.8,https://rukminim2.flixcart.com/image/312/312/xif0q/computer/c/v/v/na-thin-and-light-laptop-dell-original-imagqfb6ec7gzdq3.jpeg?q=70
249,ASUS AMD Ryzen 9 Octa Core 10th Gen - (16 GB/512 GB SSD/Windows 11 Home/6 GB Graphics/NVIDIA GeForce R...,"₹89,990",4.4,https://rukminim2.flixcart.com/image/312/312/l2p23rk0/computer/t/i/t/tuf-gaming-a15-gaming-laptop-asus-original-imagdzby2dzuqucp.jpeg?q=70
250,HP Pavilion Aero (2023) AMD Ryzen 5 Hexa Core 7535U - (16 GB/512 GB SSD/Windows 11 Home) 13-BE2056AU T...,"₹68,918",4.4,https://rukminim2.flixcart.com/image/312/312/xif0q/computer/d/q/e/-original-imagwzwcrmyhnhmg.jpeg?q=70
251,HP Pavilion AMD Ryzen 5 Hexa Core 5625U - (8 GB/512 GB SSD/Windows 11 Home) 14-EC1003AU Thin and Light...,"₹50,990",4.4,https://rukminim2.flixcart.com/image/312/312/xif0q/computer/b/c/w/-original-imagwzwb9vmkjhmg.jpeg?q=70
252,ASUS Chromebook Intel Celeron Dual Core N4500 - (4 GB/128 GB EMMC Storage/Chrome OS) CX1500CKA-EJ0277 ...,"₹16,990",3.8,https://rukminim2.flixcart.com/image/312/312/xif0q/computer/z/7/g/-original-imagtmsye5fumwdf.jpeg?q=70
253,MSI Modern 15 Intel Core i5 13th Gen 1335U - (16 GB/512 GB SSD/Windows 11 Home) Modern 15 B13M-289IN T...,"₹54,990",4.1,https://rukminim2.flixcart.com/image/312/312/xif0q/computer/j/r/t/-original-imagsgd3w5ma9hyu.jpeg?q=70
254,realme Book Prime Intel Core i5 11th Gen 11320H - (8 GB/512 GB SSD/Windows 11 Home) CloudPro002 Thin a...,"₹47,999",4.2,https://rukminim2.flixcart.com/image/312/312/xif0q/computer/o/i/i/cloudpro002-thin-and-light-laptop-realme-original-imagzbmenjqyyyxm.jpeg?q=70
255,HP Intel Intel Core i5 10th Gen 1035G4 - (8 GB/512 GB SSD/Windows 10 Pro) 13-aw0211TU 2 in 1 Laptop,"₹74,419",5,https://rukminim2.flixcart.com/image/312/312/xif0q/computer/6/d/y/-original-imagp7pfj54qmrty.jpeg?q=70
256,"ASUS ROG Strix G16 (2023), Intel Intel Core i5 13th Gen 13450HX - (16 GB/1 TB SSD/Windows 11 Home/6 GB...","₹99,990",4.4,https://rukminim2.flixcart.com/image/312/312/xif0q/computer/n/2/n/-original-imagqfxrg76yafrr.jpeg?q=70
257,"ASUS Vivobook Pro 15 For Creator, AMD Ryzen 7 Octa Core 5800HS - (16 GB/512 GB SSD/Windows 11 Home/4 G...","₹70,990",4.3,https://rukminim2.flixcart.com/image/312/312/xif0q/computer/d/k/k/-original-imagqkqnb2fpbhyb.jpeg?q=70
258,HP Pavilion AMD Ryzen 5 Hexa Core 5625U - (16 GB/512 GB SSD/Windows 11 Home) 15-eh2024AU Thin and Ligh...,"₹54,990",4.4,https://rukminim2.flixcart.com/image/312/312/xif0q/computer/f/v/4/-original-imagwy8da6z5ju75.jpeg?q=70
259,ASUS Vivobook 16 (2023) Intel Core i5 13th Gen 1335U - (16 GB/512 GB SSD/Windows 11 Home) X1605VAB-MB5...,"₹57,990",4.5,https://rukminim2.flixcart.com/image/312/312/xif0q/computer/3/6/j/-original-imagpxgqfz7djerv.jpeg?q=70
260,ASUS Intel Core i5 13th Gen 1335U - (16 GB/512 GB SSD/Windows 11 Home) K3504VAB-NJ541WS Laptop,"₹60,621",4,https://rukminim2.flixcart.com/image/312/312/xif0q/computer/v/n/0/vivobook-15x-laptop-asus-original-imagzwqqnvng9pfg.jpeg?q=70
261,MSI Katana 15 Intel Core i7 13th Gen 13620H - (16 GB/1 TB SSD/Windows 11 Home/6 GB Graphics/NVIDIA GeF...,"₹1,03,990",4.1,https://rukminim2.flixcart.com/image/312/312/xif0q/computer/i/w/k/katana-15-b12udxk-1019in-gaming-laptop-msi-original-imagp9fkssgswfca.jpeg?q=70
262,Acer Extensa (2023) AMD Ryzen 5 Quad Core 7520U - (8 GB/512 GB SSD/Windows 11 Home) EX215-23 Thin and ...,"₹29,980",4.1,https://rukminim2.flixcart.com/image/312/312/xif0q/computer/y/l/p/-original-imagqmqjv5cyvbup.jpeg?q=70
263,Acer Nitro 5 Intel Core i7 12th Gen 12650H - (16 GB/512 GB SSD/Windows 11 Home/6 GB Graphics/NVIDIA Ge...,"₹94,990",4.4,https://rukminim2.flixcart.com/image/312/312/xif0q/computer/8/e/m/-original-imagqf3a3j6ebxzc.jpeg?q=70
264,CHUWI Intel Core i3 10th Gen 1005G1 - (8 GB/512 GB SSD/Windows 11 Home) CoreBook X Grey Laptop,"₹24,990",4.1,https://rukminim2.flixcart.com/image/312/312/xif0q/computer/n/b/l/corebook-x-laptop-chuwi-original-imagwkfspzdtns4j.jpeg?q=70
265,Acer Swift Go 14 AI Powered EVO Intel Core Ultra 5 125H - (16 GB/512 GB SSD/Windows 11 Home) SFG14-72T...,"₹84,990",,https://rukminim2.flixcart.com/image/312/312/xif0q/computer/o/x/7/-original-imagxhuxsfczqrzn.jpeg?q=70
266,ASUS Vivobook S15 Intel Core i5 12th Gen Intel EVO I5-12500H - (16 GB/512 GB SSD/Windows 11 Home) S350...,"₹66,890",3.9,https://rukminim2.flixcart.com/image/312/312/xif0q/computer/g/y/p/-original-imagx3azxunk6bwn.jpeg?q=70
267,HP 245G9 841W7PA SILVER AMD Ryzen 3 Dual Core - (8 GB/512 GB SSD/DOS) 247 G8 Notebook,"₹23,999",4.1,https://rukminim2.flixcart.com/image/312/312/xif0q/computer/f/o/l/247-g9-notebook-hp-original-imagwj85hmyqrjwh.jpeg?q=70
268,ASUS Vivobook Go 14 (2023) AMD Ryzen 3 Quad Core 7320U - (8 GB/512 GB SSD/Windows 11 Home) E1404FA-NK3...,"₹32,990",4.3,https://rukminim2.flixcart.com/image/312/312/xif0q/computer/r/k/i/vivobook-go-14-laptop-asus-original-imagzmvfu8yzbcud.jpeg?q=70
269,HP G9 AMD Ryzen 3 Dual Core 3250U - (8 GB/512 GB SSD/DOS) 841W6PA Thin and Light Laptop,"₹23,999",3.8,https://rukminim2.flixcart.com/image/312/312/xif0q/computer/u/f/8/255-g8-notebook-hp-original-imagq6emcferpkfx.jpeg?q=70
270,HP Pavilion (2023) Eyesafe AMD Ryzen 5 Hexa Core 5625U - (16 GB/512 GB SSD/Windows 11 Home) 14-EC1019A...,"₹54,990",4.4,https://rukminim2.flixcart.com/image/312/312/xif0q/computer/h/u/c/-original-imagxfs93hqxbehu.jpeg?q=70
271,HP Pavilion Aero (2023) AMD Ryzen 5 Hexa Core 7535U - (16 GB/512 GB SSD/Windows 11 Home) 13-BE2056AU T...,"₹68,918",4.4,https://rukminim2.flixcart.com/image/312/312/xif0q/computer/d/q/e/-original-imagwzwcrmyhnhmg.jpeg?q=70
272,ASUS Vivobook 14 (2023) Intel Core i3 13th Gen 1315U - (8 GB/512 GB SSD/Windows 11 Home) X1404VA-NK321...,"₹42,990",4.1,https://rukminim2.flixcart.com/image/312/312/xif0q/computer/n/m/u/-original-imagpxgqbef23gbq.jpeg?q=70
273,ASUS Vivobook 14 (2023) Intel Core i5 13th Gen 1335U - (16 GB/512 GB SSD/Windows 11 Home) X1404VA-NK54...,"₹56,990",4.1,https://rukminim2.flixcart.com/image/312/312/xif0q/computer/o/9/8/-original-imagpxgrmnnwrtzk.jpeg?q=70
274,HP Pavilion AMD Ryzen 5 Hexa Core 5625U - (8 GB/512 GB SSD/Windows 11 Home) 14-EC1003AU Thin and Light...,"₹50,990",4.4,https://rukminim2.flixcart.com/image/312/312/xif0q/computer/b/c/w/-original-imagwzwb9vmkjhmg.jpeg?q=70
275,HP Victus Gaming AMD Ryzen 5 Hexa Core 5600H - (8 GB/512 GB SSD/Windows 11 Home/4 GB Graphics/NVIDIA G...,"₹48,990",4.1,https://rukminim2.flixcart.com/image/312/312/xif0q/computer/k/f/a/-original-imagsnzbvumjadck.jpeg?q=70
276,"ASUS Vivobook Pro 15 For Creator, AMD Ryzen 7 Octa Core 5800HS - (16 GB/512 GB SSD/Windows 11 Home/4 G...","₹61,990",4.4,https://rukminim2.flixcart.com/image/312/312/xif0q/computer/d/k/k/-original-imagqkqnb2fpbhyb.jpeg?q=70
277,MSI GF63 Intel Core i5 11th Gen 11260H - (8 GB/512 GB SSD/Windows 11 Home/4 GB Graphics/NVIDIA GeForce...,"₹46,990",4.4,https://rukminim2.flixcart.com/image/312/312/xif0q/computer/j/z/w/-original-imagt8bdregjrwdw.jpeg?q=70
278,HP Pavilion Intel Core i7 13th Gen 1360P - (16 GB/1 TB SSD/Windows 11 Home) 15-eg3036TU Thin and Light...,"₹87,990",4.2,https://rukminim2.flixcart.com/image/312/312/xif0q/computer/g/d/2/-original-imagwzwcfkzkr6zb.jpeg?q=70
279,Infinix INBook X2 Plus Intel Core i3 11th Gen 1115G4 - (8 GB/256 GB SSD/Windows 11 Home) XL25 Thin and...,"₹29,990",4.2,https://rukminim2.flixcart.com/image/312/312/xif0q/computer/i/f/r/-original-imagjfgyxmcz7scf.jpeg?q=70
280,Acer Predator Neo (2023) Intel Core i5 13th Gen 13500HX - (16 GB/512 GB SSD/Windows 11 Home/6 GB Graph...,"₹1,04,990",4.4,https://rukminim2.flixcart.com/image/312/312/xif0q/computer/2/n/y/-original-imagp7wfgcjkqgsn.jpeg?q=70
281,Lenovo Lenovo LOQ AI Powered AMD Ryzen 7 Octa Core 7840HS - (16 GB/512 GB SSD/Windows 11 Home/8 GB Gra...,"₹1,01,990",4.4,https://rukminim2.flixcart.com/image/312/312/xif0q/computer/k/d/t/-original-imagtvudyzs9djrf.jpeg?q=70
282,Lenovo IdeaPad Gaming 3 Intel Core i5 11th Gen 11320H - (16 GB/512 GB SSD/Windows 11 Home/4 GB Graphic...,"₹52,990",,https://rukminim2.flixcart.com/image/312/312/xif0q/computer/n/b/s/15ihu6-gaming-laptop-lenovo-original-imaguw9ze9uqfaff.jpeg?q=70
283,ASUS Zenbook 14 OLED (2023) AMD Ryzen 5 Hexa Core 7530U - (16 GB/512 GB SSD/Windows 11 Home) UM3402YA-...,"₹72,990",4.5,https://rukminim2.flixcart.com/image/312/312/xif0q/computer/i/1/i/-original-imagpxgrz9wzqa9g.jpeg?q=70
284,"ASUS Vivobook Pro 15 For Creator, AMD Ryzen 7 Octa Core 5800HS - (16 GB/512 GB SSD/Windows 11 Home/4 G...","₹70,990",4.3,https://rukminim2.flixcart.com/image/312/312/xif0q/computer/d/k/k/-original-imagqkqnb2fpbhyb.jpeg?q=70
285,Acer Nitro 5 (2023) AMD Ryzen 5 Hexa Core 7535HS - (16 GB/512 GB SSD/Windows 11 Home/4 GB Graphics/NVI...,"₹68,990",4.3,https://rukminim2.flixcart.com/image/312/312/xif0q/computer/c/m/m/an515-47-gaming-laptop-acer-original-imagzuardhu6zwdd.jpeg?q=70
286,DELL Inspiron Intel Core i7 12th Gen 1255U - (16 GB/512 GB SSD/Windows 11 Home/2 GB Graphics) Inspiron...,"₹85,780",4.1,https://rukminim2.flixcart.com/image/312/312/xif0q/computer/3/w/u/-original-imaghzahcwt9and9.jpeg?q=70
287,HP Intel Core i3 11th Gen - (8 GB/512 GB SSD/Windows 11 Home) 15s-FR2508TU Laptop,"₹37,100",4.8,https://rukminim2.flixcart.com/image/312/312/l4bn5ow0/computer/0/s/t/hp-nb-notebook-notebook-hp-original-imagf8sa36dcaqtp.jpeg?q=70
288,ASUS TUF Gaming F15 (2023) with 90WHr Battery Intel H-Series Intel Core i7 12th Gen 12700H - (16 GB/51...,"₹1,09,990",4.5,https://rukminim2.flixcart.com/image/312/312/l3rmzrk0/computer/l/7/m/-original-imagetj2awbvdju6.jpeg?q=70
289,Acer Aspire 5 Intel Core i3 13th Gen 1315U - (8 GB/512 GB SSD/Windows 11 Home) A515-58P Thin and Light...,"₹37,990",,https://rukminim2.flixcart.com/image/312/312/xif0q/computer/p/l/f/-original-imagqbudzxgmek9t.jpeg?q=70
290,Acer Swift Go 14 AI Powered EVO Intel Core Ultra 5 125H - (16 GB/512 GB SSD/Windows 11 Home) SFG14-72T...,"₹84,990",,https://rukminim2.flixcart.com/image/312/312/xif0q/computer/o/x/7/-original-imagxhuxsfczqrzn.jpeg?q=70
291,CHUWI Intel Celeron Dual Core 11th Gen N4020 - (8 GB/256 GB SSD/Windows 11 Home) HeroBook Pro Laptop,"₹17,990",3.6,https://rukminim2.flixcart.com/image/312/312/xif0q/computer/n/m/q/-original-imagrfsbcwgjjegf.jpeg?q=70
292,ASUS Zenbook 14 OLED (2024) Intel Core Ultra 5 125H - (16 GB/1 TB SSD/Windows 11 Home) UX3405MA-PZ552W...,"₹99,990",,https://rukminim2.flixcart.com/image/312/312/xif0q/computer/d/c/s/-original-imagxmzgnxsfxhft.jpeg?q=70
293,DELL Inspiron Intel Core i5 11th Gen 1135G7 - (8 GB/512 GB SSD/Windows 11 Home) 3511 Thin and Light La...,"₹44,990",3.8,https://rukminim2.flixcart.com/image/312/312/l45xea80/computer/v/c/x/inspiron-3511-thin-and-light-laptop-dell-original-imagf4n2y3uk8jcz.jpeg?q=70
294,HP Pavilion (2023) Eyesafe AMD Ryzen 5 Hexa Core 5625U - (16 GB/512 GB SSD/Windows 11 Home) 14-EC1019A...,"₹54,990",4.4,https://rukminim2.flixcart.com/image/312/312/xif0q/computer/h/u/c/-original-imagxfs93hqxbehu.jpeg?q=70
295,CHUWI Intel Core i3 10th Gen 1005G1 - (8 GB/512 GB SSD/Windows 11 Home) CoreBook X Grey Laptop,"₹24,990",4.1,https://rukminim2.flixcart.com/image/312/312/xif0q/computer/n/b/l/corebook-x-laptop-chuwi-original-imagwkfspzdtns4j.jpeg?q=70
296,Lenovo Yoga 6 AMD Ryzen 7 Octa Core 5700U - (16 GB/512 GB SSD/Windows 11 Home) 13ALC7 2 in 1 Laptop,"₹82,708",3.8,https://rukminim2.flixcart.com/image/312/312/xif0q/computer/r/k/h/-original-imagsvthtadzfhbv.jpeg?q=70
297,DELL core i5 Intel Core i5 12th Gen - (8 GB/512 GB SSD/Windows 11 Home) Inspiron 3520 / D560871WIN9B L...,"₹46,490",4,https://rukminim2.flixcart.com/image/312/312/xif0q/computer/2/e/o/inspiron-3520-laptop-dell-original-imagpc58nfqhp7gf.jpeg?q=70
298,DELL AMD Ryzen 7 Octa Core AMD R7-6800H - (16 GB/512 GB SSD/Windows 11 Home/6 GB Graphics/NVIDIA GeFor...,"₹93,003",4.8,https://rukminim2.flixcart.com/image/312/312/l45xea80/computer/7/5/r/g15-5525-gaming-laptop-dell-original-imagf4haxvzux68z.jpeg?q=70
299,"ASUS Vivobook 16X For Creator, Intel H-Series Intel Core i5 12th Gen 12450H - (16 GB/512 GB SSD/Window...","₹78,990",,https://rukminim2.flixcart.com/image/312/312/xif0q/computer/d/t/c/-original-imagsz6yn8qzwvsn.jpeg?q=70
300,HP Pavilion Aero (2023) AMD Ryzen 5 Hexa Core 7535U - (16 GB/512 GB SSD/Windows 11 Home) 13-BE2056AU T...,"₹68,918",4.4,https://rukminim2.flixcart.com/image/312/312/xif0q/computer/d/q/e/-original-imagwzwcrmyhnhmg.jpeg?q=70
301,HP Pavilion AMD Ryzen 5 Hexa Core 5625U - (8 GB/512 GB SSD/Windows 11 Home) 14-EC1003AU Thin and Light...,"₹50,990",4.4,https://rukminim2.flixcart.com/image/312/312/xif0q/computer/b/c/w/-original-imagwzwb9vmkjhmg.jpeg?q=70
302,HP 14s Intel Core i3 11th Gen 1115G4 - (8 GB/256 GB SSD/Windows 11 Home) 14s - dy2507TU Thin and Light...,"₹37,791",4.3,https://rukminim2.flixcart.com/image/312/312/xif0q/computer/y/6/2/-original-imagwzwbrbynjnxh.jpeg?q=70
303,HP Intel Core i5 10th Gen - (8 GB/512 GB SSD/Windows 10 Home/4 GB Graphics/NVIDIA GeForce GTX NVIDIA® ...,"₹57,724",,https://rukminim2.flixcart.com/image/312/312/xif0q/computer/n/j/v/hp-pavilion-gaming-laptop-15-39-62-cm-dk1520tx-gaming-laptop-hp-original-imagkymfe2gsk6zs.jpeg?q=70
304,HP Pavilion AMD Ryzen 5 Hexa Core 5625U - (8 GB/512 GB SSD/Windows 11 Home) 15-eh2050au Thin and Light...,"₹53,990",5,https://rukminim2.flixcart.com/image/312/312/xif0q/computer/3/l/e/-original-imagwzwcwerhjwbb.jpeg?q=70
305,ZEBRONICS Pro Series Y Intel Core i5 11th Gen 1155G7 - (8 GB/512 GB SSD/Windows 11 Home) ZEB-NBC 2S Th...,"₹27,990",4.1,https://rukminim2.flixcart.com/image/312/312/xif0q/computer/o/f/v/-original-imagx2ycuccgs4z9.jpeg?q=70
306,Acer Extensa Intel Core i3 11th Gen 1115G4 - (8 GB/256 GB SSD/Windows 11 Home) EX 215-54 Thin and Ligh...,"₹33,000",4.2,https://rukminim2.flixcart.com/image/312/312/xif0q/computer/j/y/l/-original-imagnpcezv5dfdew.jpeg?q=70
307,HP Envy x360 Creator Evo Intel Core i5 12th Gen 1230U - (8 GB/512 GB SSD/Windows 11 Home) x360-bf0085T...,"₹76,999",4.4,https://rukminim2.flixcart.com/image/312/312/xif0q/computer/c/v/f/-original-imagwy8dyxysqhzd.jpeg?q=70
308,Infinix Y4 Max Series Intel Core i7 13th Gen 1355U - (16 GB/512 GB SSD/Windows 11 Home) YL613 Thin and...,"₹49,990",,https://rukminim2.flixcart.com/image/312/312/xif0q/computer/l/p/u/inbook-y4-max-core-i5-thin-and-light-laptop-infinix-original-imagxy8mny47qkha.jpeg?q=70
309,Lenovo V15 AMD Ryzen 3 Hexa Core 5300U - (8 GB/512 GB SSD/Windows 11 Home) V15 G2 ALC Thin and Light L...,"₹27,636",4.2,https://rukminim2.flixcart.com/image/312/312/xif0q/computer/d/t/c/v15-g2-alc-laptop-lenovo-original-imaghq2ffspmtfuh.jpeg?q=70
310,WINGS Nuvobook Pro Aluminium Alloy Metal Body Intel Intel Core i7 11th Gen 1165G7 - (16 GB/512 GB SSD/...,"₹39,990",4,https://rukminim2.flixcart.com/image/312/312/xif0q/computer/d/e/w/-original-imagtq48ep5jxwxn.jpeg?q=70
311,Infinix Inbook Y1 Plus Intel Core i5 10th Gen 1035G1 - (8 GB/512 GB SSD/Windows 11 Home) XL28 Thin and...,"₹29,990",4.3,https://rukminim2.flixcart.com/image/312/312/xif0q/computer/m/u/z/-original-imagmxurgcshfkx7.jpeg?q=70
312,ASUS Vivobook 14 (2023) Intel Core i3 13th Gen 1315U - (8 GB/512 GB SSD/Windows 11 Home) X1404VA-NK322...,"₹42,990",4.1,https://rukminim2.flixcart.com/image/312/312/xif0q/computer/o/9/8/-original-imagpxgrmnnwrtzk.jpeg?q=70
313,Acer Aspire 7 Intel Core i5 12th Gen 1240P - (8 GB/512 GB SSD/Windows 11 Home/4 GB Graphics/NVIDIA GeF...,"₹58,500",4.2,https://rukminim2.flixcart.com/image/312/312/xif0q/computer/t/t/m/-original-imaghkcjwpmszxtg.jpeg?q=70
314,CHUWI Intel Celeron Dual Core 11th Gen N4020 - (8 GB/256 GB SSD/Windows 11 Home) HeroBook Pro Laptop,"₹17,990",3.6,https://rukminim2.flixcart.com/image/312/312/xif0q/computer/n/m/q/-original-imagrfsbcwgjjegf.jpeg?q=70
315,CHUWI Intel Core i3 10th Gen 1005G1 - (8 GB/512 GB SSD/Windows 11 Home) CoreBook X Grey Laptop,"₹24,990",4.1,https://rukminim2.flixcart.com/image/312/312/xif0q/computer/n/b/l/corebook-x-laptop-chuwi-original-imagwkfspzdtns4j.jpeg?q=70
316,ASUS Vivobook 16 (2023) AMD Ryzen 5 Hexa Core 7530U - (16 GB/1 TB SSD/Windows 11 Home) M1605YA-MB551WS...,"₹53,990",4.3,https://rukminim2.flixcart.com/image/312/312/xif0q/computer/g/h/i/-original-imagpxgrhgrsrppn.jpeg?q=70
317,DELL Intel Core i5 12th Gen 1235U - (8 GB/512 GB SSD/Windows 11 Home) Inspiron 7420 Thin and Light Lap...,"₹70,000",3.6,https://rukminim2.flixcart.com/image/312/312/l5fnhjk0/computer/4/d/z/inspiron-7420-thin-and-light-laptop-dell-original-imagg45kbtghzthr.jpeg?q=70
318,GIGABYTE G Series Intel Core i5 12th Gen 12450H - (16 GB/512 GB SSD/Windows 11 Home/6 GB Graphics/NVID...,"₹71,990",4.3,https://rukminim2.flixcart.com/image/312/312/xif0q/computer/h/8/w/g5-mf-e2in313sh-gaming-laptop-gigabyte-original-imags36mgkuy5pbb.jpeg?q=70
319,DELL Inspiron Intel Core i5 11th Gen 1135G7 - (8 GB/1 TB HDD/256 GB SSD/Windows 11 Home) INSPIRON 3511...,"₹57,000",4.2,https://rukminim2.flixcart.com/image/312/312/krdtlzk0/computer/l/k/r/na-laptop-dell-original-imag57f9psmfjcxs.jpeg?q=70
320,Acer Swift Go 14 AI Powered EVO Intel Core Ultra 5 125H - (16 GB/512 GB SSD/Windows 11 Home) SFG14-72T...,"₹84,990",,https://rukminim2.flixcart.com/image/312/312/xif0q/computer/o/x/7/-original-imagxhuxsfczqrzn.jpeg?q=70
321,HP Pavilion (2023) Eyesafe AMD Ryzen 5 Hexa Core 5625U - (16 GB/512 GB SSD/Windows 11 Home) 14-EC1019A...,"₹54,990",4.4,https://rukminim2.flixcart.com/image/312/312/xif0q/computer/h/u/c/-original-imagxfs93hqxbehu.jpeg?q=70
322,Lenovo IdeaPad Slim 3 Intel Core i3 13th Gen 1305U - (8 GB/512 GB SSD/Windows 11 Home) 15IRU8 Thin and...,"₹41,990",4.2,https://rukminim2.flixcart.com/image/312/312/xif0q/computer/k/h/s/-original-imagwfg8jzzzut7j.jpeg?q=70
323,Lenovo V SERIES Intel Core i5 12th Gen 1235U - (8 GB/512 GB SSD/Windows 11 Home) V15 Thin and Light La...,"₹45,581",4.3,https://rukminim2.flixcart.com/image/312/312/xif0q/computer/g/c/z/g2-laptop-lenovo-original-imagrgwpcargrrwc.jpeg?q=70
324,HP Pavilion Aero (2023) AMD Ryzen 5 Hexa Core 7535U - (16 GB/512 GB SSD/Windows 11 Home) 13-BE2056AU T...,"₹68,918",4.4,https://rukminim2.flixcart.com/image/312/312/xif0q/computer/d/q/e/-original-imagwzwcrmyhnhmg.jpeg?q=70
325,HP Pavilion AMD Ryzen 5 Hexa Core 5625U - (8 GB/512 GB SSD/Windows 11 Home) 14-EC1003AU Thin and Light...,"₹50,990",4.4,https://rukminim2.flixcart.com/image/312/312/xif0q/computer/b/c/w/-original-imagwzwb9vmkjhmg.jpeg?q=70
326,HP 250 G8 Intel Core i3 11th Gen - (8 GB/512 GB SSD/DOS) 250 G8 Notebook,"₹30,649",3.8,https://rukminim2.flixcart.com/image/312/312/xif0q/computer/9/v/w/245-g8-business-laptop-hp-original-imagn4bctguugysg.jpeg?q=70
327,Infinix Inbook Y2 Plus Intel Core i3 11th Gen 1115G4 - (8 GB/512 GB SSD/Windows 11 Home) XL29 Thin and...,"₹25,990",4.1,https://rukminim2.flixcart.com/image/312/312/xif0q/computer/k/h/6/-original-imagw4hadjppjhuh.jpeg?q=70
328,DELL Intel Core i3 13th Gen - (8 GB/1 TB SSD/Windows 11 Home) IC7430XYW6F002ORS1 Thin and Light Laptop,"₹60,490",,https://rukminim2.flixcart.com/image/312/312/xif0q/computer/k/a/s/essential-thin-and-light-laptop-dell-original-imagsszyxgbed8zc.jpeg?q=70
329,MSI GF63 Intel Core i5 12th Gen 12450H - (16 GB/1 TB HDD/256 GB SSD/Windows 11 Home/6 GB Graphics/NVID...,"₹72,990",4.5,https://rukminim2.flixcart.com/image/312/312/xif0q/computer/7/n/j/-original-imagpyc3eyefdjuc.jpeg?q=70
330,DELL Intel Core i5 11th Gen 1135G7 - (8 GB/512 GB SSD/Windows 11 Home) Vostro 3420 Notebook,"₹47,490",3.8,https://rukminim2.flixcart.com/image/312/312/l4x2rgw0/computer/m/n/n/vostro-3420-notebook-dell-original-imagfpq37h38xebf.jpeg?q=70
331,DELL AMD Ryzen 5 Hexa Core 5500U - (8 GB/512 GB SSD/Windows 11 Home) Vostro 3525 Laptop,"₹36,946",,https://rukminim2.flixcart.com/image/312/312/xif0q/computer/k/0/a/inspiron-3525-thin-and-light-laptop-dell-original-imagtyx3wyh2mgzs.jpeg?q=70
332,HP Pavilion 15 (2023) Intel Core i3 12th Gen 1215U - (8 GB/512 GB SSD/Windows 11 Home) 15-eg2017TU Thi...,"₹52,590",4.4,https://rukminim2.flixcart.com/image/312/312/xif0q/computer/h/w/v/-original-imagwzwcddrydhah.jpeg?q=70
333,Acer Predator Intel Core i9 13th Gen 13900HX - (16 GB/1 TB SSD/Windows 11 Home/8 GB Graphics/NVIDIA Ge...,"₹1,59,990",4.5,https://rukminim2.flixcart.com/image/312/312/xif0q/computer/1/m/0/-original-imagt65skkzmngb3.jpeg?q=70
334,Infinix INBook X2 Plus Intel Core i7 11th Gen 1195G7 - (16 GB/512 GB SSD/Windows 11 Home) XL25 Thin an...,"₹57,990",4,https://rukminim2.flixcart.com/image/312/312/xif0q/computer/i/f/r/-original-imagjfgyxmcz7scf.jpeg?q=70
335,ASUS AMD Ryzen 5 Quad Core - (16 GB/512 GB SSD/Windows 11 Home) E1504FA-LK542WS Laptop,"₹56,990",,https://rukminim2.flixcart.com/image/312/312/xif0q/computer/n/c/y/-original-imagnzh2uecmwfbm.jpeg?q=70
336,DELL Inspiron Intel Core i5 13th Gen 13450HX - (16 GB/512 GB SSD/Windows 11 Home/6 GB Graphics/NVIDIA ...,"₹79,990",,https://rukminim2.flixcart.com/image/312/312/xif0q/computer/j/y/3/g15-5530-gaming-laptop-dell-original-imagx3gda6re73dw.jpeg?q=70
337,Lenovo ThinkPad Intel Core i5 10th Gen 10210U - (8 GB/512 GB HDD/512 GB SSD/Windows 10 Pro) T14 Thin a...,"₹71,000",,https://rukminim2.flixcart.com/image/312/312/kplisnk0/computer/v/c/f/thinkpad-t14-thin-and-light-laptop-lenovo-original-imag3sydvdwtz7zu.jpeg?q=70
338,DELL Intel Core i3 11th Gen - (8 GB/256 GB SSD/Ubuntu) 3420 Business Laptop,"₹30,990",4.1,https://rukminim2.flixcart.com/image/312/312/xif0q/computer/f/d/w/latitude-3420-business-laptop-dell-original-imagn6hrxsryasb6.jpeg?q=70
339,ASUS ROG Zephyrus Duo 16 with 90WHr Battery AMD Ryzen 9 16 Core 7945HX - (32 GB/2 TB SSD/Windows 11 Ho...,"₹4,29,990",,https://rukminim2.flixcart.com/image/312/312/xif0q/computer/z/c/p/-original-imagz42ugkyzeaez.jpeg?q=70
340,CHUWI Intel Core i3 10th Gen 1005G1 - (8 GB/512 GB SSD/Windows 11 Home) CoreBook X Grey Laptop,"₹24,990",4.1,https://rukminim2.flixcart.com/image/312/312/xif0q/computer/n/b/l/corebook-x-laptop-chuwi-original-imagwkfspzdtns4j.jpeg?q=70
341,Acer Swift Go 14 AI Powered EVO Intel Core Ultra 5 125H - (16 GB/512 GB SSD/Windows 11 Home) SFG14-72T...,"₹84,990",,https://rukminim2.flixcart.com/image/312/312/xif0q/computer/o/x/7/-original-imagxhuxsfczqrzn.jpeg?q=70
342,ASUS Vivobook 15 Touch Intel Core i3 11th Gen 1115G4 - (8 GB/512 GB SSD/Windows 11 Home) X515EA-EZ311W...,"₹37,990",4.2,https://rukminim2.flixcart.com/image/312/312/xif0q/computer/0/y/f/-original-imagpxgr9vjq4kpz.jpeg?q=70
343,ASUS TUF GAMING A15 AMD Ryzen 7 Octa Core 4800H - (8 GB/512 GB SSD/Windows 11 Home/4 GB Graphics/NVIDI...,"₹69,999",4.3,https://rukminim2.flixcart.com/image/312/312/xif0q/computer/m/t/8/fa506icb-hn005w-gaming-laptop-asus-original-imagguv66hcfz7yx.jpeg?q=70
344,HP Pavilion (2023) Eyesafe AMD Ryzen 5 Hexa Core 5625U - (16 GB/512 GB SSD/Windows 11 Home) 14-EC1019A...,"₹54,990",4.4,https://rukminim2.flixcart.com/image/312/312/xif0q/computer/h/u/c/-original-imagxfs93hqxbehu.jpeg?q=70
345,HP Pavilion Aero (2023) AMD Ryzen 5 Hexa Core 7535U - (16 GB/512 GB SSD/Windows 11 Home) 13-BE2056AU T...,"₹68,918",4.4,https://rukminim2.flixcart.com/image/312/312/xif0q/computer/d/q/e/-original-imagwzwcrmyhnhmg.jpeg?q=70
346,DELL Dell Inspiron 3520 Intel Core i3 11th Gen 1115G4 - (8 GB/512 GB SSD/Windows 11 Home) Inspiron 352...,"₹36,990",4.4,https://rukminim2.flixcart.com/image/312/312/xif0q/computer/l/j/m/inspiron-3520-thin-and-light-laptop-dell-original-imagsc5zzmzaqgbn.jpeg?q=70
347,Lenovo IdeaPad Slim 1 AMD Ryzen 5 Hexa Core 5500U - (16 GB/512 GB SSD/Windows 11 Home) 15ALC7 Thin and...,"₹37,990",4.2,https://rukminim2.flixcart.com/image/312/312/xif0q/computer/7/3/c/-original-imagtzwvygkwvbex.jpeg?q=70
348,HP AMD Ryzen 5 - (8 GB/512 GB SSD/Windows 11 Home/4 GB Graphics/AMD Radeon AMD Radeon™ RX 6500M Graphi...,"₹48,449",,https://rukminim2.flixcart.com/image/312/312/xif0q/computer/y/f/y/victus-gaming-gaming-laptop-hp-original-imaguh2puc59twjf.jpeg?q=70
349,ASUS AMD Ryzen 3 Quad Core 3rd Gen - (8 GB/256 GB SSD/Windows 11 Home) M515DA-BR322WS Laptop,"₹39,999",4.1,https://rukminim2.flixcart.com/image/312/312/kgfg2vk0/computer/e/j/f/asus-vivobook-laptop-original-imafwzf5e8awkm9x.jpeg?q=70
350,HP Pavilion AMD Ryzen 5 Hexa Core 5625U - (8 GB/512 GB SSD/Windows 11 Home) 14-EC1003AU Thin and Light...,"₹50,990",4.4,https://rukminim2.flixcart.com/image/312/312/xif0q/computer/b/c/w/-original-imagwzwb9vmkjhmg.jpeg?q=70
351,HP 247 G8 AMD Ryzen 5 Dual Core AMD Ryzen 5 3500U - (8 GB/512 GB SSD/Windows 11 Home) 247 G8 Notebook,"₹32,990",4.2,https://rukminim2.flixcart.com/image/312/312/xif0q/computer/w/1/2/245-g8-notebook-hp-original-imagnyeszwpsmabc.jpeg?q=70
352,DELL Inspiron 5430 Intel Core i5 13th Gen - (8 GB/512 GB SSD/Windows 11 Home) IN5430YXVW9M01ORS1 Lapto...,"₹62,990",3.8,https://rukminim2.flixcart.com/image/312/312/xif0q/computer/o/d/q/inspiron-5430-laptop-dell-original-imagqtg45p3hzjaj.jpeg?q=70
353,DELL VOSTRO Intel Core i5 12th Gen - (8 GB/512 GB SSD/Windows 11 Home) 3520 Laptop,"₹49,980",4.1,https://rukminim2.flixcart.com/image/312/312/xif0q/computer/d/g/h/vostro-laptop-dell-original-imagqwvygmvsjugh.jpeg?q=70
354,Acer Predator Neo (2023) Intel Core i7 13th Gen 13700HX - (16 GB/512 GB SSD/Windows 11 Home/6 GB Graph...,"₹1,19,990",4.4,https://rukminim2.flixcart.com/image/312/312/xif0q/computer/x/r/d/-original-imagp7w2wgf5ense.jpeg?q=70
355,Lenovo IdeaPad 3 Chromebook Intel Celeron Dual Core N4020 - (4 GB/64 GB EMMC Storage/Chrome OS) ideapa...,"₹17,500",3.5,https://rukminim2.flixcart.com/image/312/312/ksyz8280/computer/8/v/i/cb-11igl05-thin-and-light-laptop-lenovo-original-imag6fh8sqpuk3ts.jpeg?q=70
356,Lenovo Ideapad Gaming 3 AMD Ryzen 5 Hexa Core 5600H - (8 GB/512 GB SSD/Windows 11 Home/4 GB Graphics/N...,"₹63,990",4.3,https://rukminim2.flixcart.com/image/312/312/xif0q/computer/l/r/d/-original-imagufyhn6mrrmrj.jpeg?q=70
357,"ASUS Vivobook 16X For Creator, Intel H-Series Intel Core i7 12th Gen 12650H - (16 GB/512 GB SSD/Window...","₹78,990",4.1,https://rukminim2.flixcart.com/image/312/312/xif0q/computer/d/t/c/-original-imagsz6yn8qzwvsn.jpeg?q=70
358,MSI GF63 Intel Core i7 12th Gen 12650H - (16 GB/1 TB SSD/Windows 11 Home/6 GB Graphics/NVIDIA GeForce ...,"₹90,990",4.5,https://rukminim2.flixcart.com/image/312/312/xif0q/computer/7/0/l/-original-imagtfd2ms63gywa.jpeg?q=70
359,MSI GP65 Leopard Intel Core i7 10th Gen 10750H - (16 GB/1 TB HDD/256 GB SSD/Windows 10 Home/6 GB Graph...,"₹71,425",4.5,https://rukminim2.flixcart.com/image/312/312/kmxsakw0/computer/f/g/t/na-laptop-msi-original-imagfq9cthg4wxwh.jpeg?q=70
